-- phpMyAdmin SQL Dump
-- version 5.2.3
-- https://www.phpmyadmin.net/
--
-- Host: 127.0.0.1
-- Waktu pembuatan: 21 Jul 2026 pada 07.37
-- Versi server: 9.7.1
-- Versi PHP: 8.3.32

SET SQL_MODE = "NO_AUTO_VALUE_ON_ZERO";
START TRANSACTION;
SET time_zone = "+00:00";


/*!40101 SET @OLD_CHARACTER_SET_CLIENT=@@CHARACTER_SET_CLIENT */;
/*!40101 SET @OLD_CHARACTER_SET_RESULTS=@@CHARACTER_SET_RESULTS */;
/*!40101 SET @OLD_COLLATION_CONNECTION=@@COLLATION_CONNECTION */;
/*!40101 SET NAMES utf8mb4 */;

--
-- Basis data: `silapga_web`
--

-- --------------------------------------------------------

--
-- Struktur dari tabel `desa`
--

CREATE TABLE `desa` (
  `id_desa` int NOT NULL,
  `id_kecamatan` int NOT NULL,
  `nama_desa` varchar(100) COLLATE utf8mb3_swedish_ci NOT NULL,
  `created_at` timestamp NULL DEFAULT CURRENT_TIMESTAMP,
  `updated_at` timestamp NULL DEFAULT CURRENT_TIMESTAMP ON UPDATE CURRENT_TIMESTAMP
) ENGINE=InnoDB DEFAULT CHARSET=utf8mb3 COLLATE=utf8mb3_swedish_ci;

--
-- Dumping data untuk tabel `desa`
--

INSERT INTO `desa` (`id_desa`, `id_kecamatan`, `nama_desa`, `created_at`, `updated_at`) VALUES
(9, 20, 'Dalan Lidang', '2025-10-29 23:47:16', '2025-10-29 23:58:41'),
(11, 20, 'Sipolu-Polu', '2025-10-29 23:59:26', '2025-10-29 23:59:26'),
(12, 20, 'Pidoli Lombang', '2025-10-29 23:59:40', '2025-10-29 23:59:40'),
(13, 20, 'Pidoli Dolok', '2025-10-29 23:59:50', '2025-10-29 23:59:50'),
(14, 20, 'Kayu Jati', '2025-10-30 00:00:03', '2025-10-30 00:00:31'),
(15, 20, 'Aek Mata', '2025-10-30 00:02:06', '2025-10-30 00:02:06'),
(16, 20, 'Kota Siantar', '2025-10-30 00:02:35', '2025-10-30 00:02:35'),
(17, 20, 'Ipar Bondar', '2025-10-30 00:02:58', '2025-10-30 00:02:58'),
(18, 20, 'Parbangunan', '2025-10-30 00:03:20', '2025-10-30 00:03:20'),
(19, 20, 'Pagaran Tonga', '2025-10-31 03:16:48', '2025-10-31 03:16:48'),
(20, 20, 'Salam Bue', '2025-10-31 03:17:29', '2025-10-31 03:17:29'),
(21, 20, 'Adian Jior', '2025-10-31 03:20:45', '2025-10-31 03:20:45'),
(22, 20, 'Aek Banir', '2025-10-31 03:21:16', '2025-10-31 03:21:16'),
(23, 20, 'Darussalam', '2025-10-31 03:21:51', '2025-10-31 03:21:51'),
(24, 31, 'Batahan', '2025-10-31 03:22:17', '2025-10-31 03:22:17'),
(25, 20, 'Gunung Barani', '2025-10-31 03:22:22', '2025-10-31 03:22:22'),
(26, 31, 'Botung', '2025-10-31 03:22:33', '2025-10-31 03:22:33'),
(27, 20, 'Gunung Manaon', '2025-10-31 03:22:50', '2025-10-31 03:22:50'),
(30, 20, 'Gunung Tua Julu', '2025-10-31 03:23:47', '2025-10-31 03:23:47'),
(31, 20, 'Gunung Tua Jae', '2025-10-31 03:24:49', '2025-10-31 03:24:49'),
(32, 31, 'Gading Bain', '2025-10-31 03:24:52', '2025-10-31 03:24:52'),
(33, 31, 'Gunung Tua Ms', '2025-10-31 03:25:40', '2025-10-31 03:25:40'),
(34, 20, 'Gunung Tua Tonga', '2025-10-31 03:25:49', '2025-10-31 03:25:49'),
(35, 20, 'Huta Lombang Lubis', '2025-10-31 03:26:26', '2025-10-31 03:26:26'),
(37, 20, 'Kampung Padang', '2025-10-31 03:27:12', '2025-10-31 03:27:12'),
(38, 20, 'Lumban Pasir', '2025-10-31 03:27:34', '2025-10-31 03:27:34'),
(39, 20, 'Manyabar', '2025-10-31 03:28:01', '2025-10-31 03:28:01'),
(40, 31, 'Gunung Tua SM', '2025-10-31 03:28:13', '2025-10-31 03:28:13'),
(41, 20, 'Manyabar Jae', '2025-10-31 03:28:18', '2025-10-31 03:28:18'),
(42, 20, 'Panggorengan', '2025-10-31 03:28:47', '2025-10-31 03:28:47'),
(43, 31, 'Husor Tolang', '2025-10-31 03:29:22', '2025-10-31 03:29:22'),
(44, 31, 'Huta Baringin TB', '2025-10-31 03:29:40', '2025-10-31 03:29:40'),
(45, 20, 'Panyabungan Jae', '2025-10-31 03:29:40', '2025-10-31 03:29:40'),
(46, 31, 'Huta Dangka', '2025-10-31 03:29:56', '2025-10-31 03:29:56'),
(47, 20, 'Panyabungan Julu', '2025-10-31 03:30:02', '2025-10-31 03:30:02'),
(48, 31, 'Huta Padang  Sm', '2025-10-31 03:30:15', '2025-10-31 03:30:15'),
(49, 20, 'Panyabungan Tonga', '2025-10-31 03:30:21', '2025-10-31 03:30:21'),
(50, 31, 'Huta Puli', '2025-10-31 03:30:32', '2025-10-31 03:30:32'),
(51, 31, 'Huta Pungkut Jae', '2025-10-31 03:32:32', '2025-10-31 03:33:23'),
(52, 20, 'Sarak Matua', '2025-10-31 03:32:41', '2025-10-31 03:32:41'),
(53, 20, 'Sigalapang Julu', '2025-10-31 03:33:11', '2025-10-31 03:33:11'),
(54, 20, 'Sipapaga', '2025-10-31 03:34:00', '2025-10-31 03:34:00'),
(55, 20, 'Siobon Jae', '2025-10-31 03:34:27', '2025-10-31 03:34:27'),
(56, 20, 'Siobon Julu', '2025-10-31 03:34:42', '2025-10-31 03:34:42'),
(57, 31, 'Huta Pungkut Julu', '2025-10-31 03:34:59', '2025-10-31 03:34:59'),
(58, 20, 'Saba Jambu', '2025-10-31 03:35:10', '2025-10-31 03:35:10'),
(59, 20, 'Sopo Batu', '2025-10-31 03:35:33', '2025-10-31 03:35:33'),
(60, 31, 'Huta Pungkut Tonga', '2025-10-31 03:57:29', '2025-10-31 03:57:29'),
(62, 31, 'Huta Rimbaru Sm', '2025-10-31 03:58:34', '2025-10-31 03:58:34'),
(63, 31, 'Manambin', '2025-10-31 03:58:59', '2025-10-31 03:58:59'),
(64, 31, 'Muara Botung', '2025-10-31 03:59:34', '2025-10-31 03:59:34'),
(65, 31, 'Muara Potan', '2025-10-31 04:00:03', '2025-10-31 04:00:03'),
(66, 31, 'Muara Pungkut', '2025-10-31 04:00:31', '2025-10-31 04:00:31'),
(67, 31, 'Muara Siambak', '2025-10-31 04:01:00', '2025-10-31 04:01:00'),
(68, 31, 'Padang Bulan', '2025-10-31 04:01:24', '2025-10-31 04:01:24'),
(69, 31, 'Pagar Gunung', '2025-10-31 04:01:48', '2025-10-31 04:01:48'),
(70, 31, 'Patialo', '2025-10-31 04:02:10', '2025-10-31 04:02:10'),
(71, 31, 'Saba Dolok', '2025-10-31 04:02:31', '2025-10-31 04:02:31'),
(72, 31, 'Sibio Bio', '2025-10-31 04:03:02', '2025-10-31 04:03:02'),
(73, 31, 'Simandolan', '2025-10-31 04:03:32', '2025-10-31 04:03:32'),
(74, 31, 'Simpang Tolang Jae', '2025-10-31 04:04:26', '2025-10-31 04:04:26'),
(76, 31, 'Simpang Tolang Julu', '2025-10-31 04:04:46', '2025-10-31 04:04:46'),
(77, 31, 'Singengu Jae', '2025-10-31 04:05:25', '2025-10-31 04:05:25'),
(78, 31, 'Singengu Julu', '2025-10-31 04:05:38', '2025-10-31 04:05:38'),
(79, 31, 'Sopo Sorik', '2025-10-31 04:06:13', '2025-10-31 04:06:13'),
(80, 31, 'Tambang Bustak', '2025-10-31 04:06:57', '2025-10-31 04:06:57'),
(81, 31, 'Tobang', '2025-10-31 04:07:25', '2025-10-31 04:07:25'),
(82, 31, 'Ujung Marisi', '2025-10-31 04:07:54', '2025-10-31 04:07:54'),
(83, 31, 'Usor Tolang', '2025-10-31 04:08:31', '2025-10-31 04:08:31'),
(84, 25, 'Aek Mual', '2025-10-31 04:11:20', '2025-10-31 04:11:20'),
(85, 25, 'Bonan Dolok', '2025-10-31 04:11:45', '2025-10-31 04:11:45'),
(86, 25, 'Huraba', '2025-10-31 04:12:03', '2025-10-31 04:12:03'),
(87, 25, 'Huraba II', '2025-10-31 04:12:19', '2025-10-31 04:12:19'),
(88, 25, 'Huta Baringin', '2025-10-31 04:13:26', '2025-10-31 04:13:26'),
(89, 25, 'Huta Godang Muda', '2025-10-31 04:13:53', '2025-10-31 04:13:53'),
(90, 25, 'Huta Puli', '2025-10-31 04:14:14', '2025-10-31 04:14:14'),
(91, 25, 'Huta Raja', '2025-10-31 04:14:34', '2025-10-31 04:14:34'),
(92, 25, 'Lumban Dolok', '2025-10-31 04:14:57', '2025-10-31 04:14:57'),
(93, 25, 'Lumban Pinasa', '2025-10-31 04:15:15', '2025-10-31 04:15:15'),
(94, 25, 'Muara Batang Angkola', '2025-10-31 04:15:46', '2025-10-31 04:15:46'),
(95, 25, 'Pintu Padang Jae', '2025-10-31 04:16:31', '2025-10-31 04:16:31'),
(96, 25, 'Pintu Padang Julu', '2025-10-31 04:16:43', '2025-10-31 04:16:43'),
(97, 25, 'Sibaruang', '2025-10-31 04:17:13', '2025-10-31 04:17:13'),
(98, 25, 'Sihepeng', '2025-10-31 04:17:33', '2025-10-31 04:17:33'),
(99, 25, 'Sihepeng Sada', '2025-10-31 04:18:18', '2025-10-31 04:18:18'),
(100, 25, 'Sihepeng Dua', '2025-10-31 04:18:54', '2025-10-31 04:18:54'),
(101, 25, 'Sihepeng Tolu', '2025-10-31 04:19:19', '2025-10-31 04:19:19'),
(102, 25, 'Sihepeng Opat', '2025-10-31 04:19:34', '2025-10-31 04:19:34'),
(103, 25, 'Sihepeng Lima', '2025-10-31 04:19:51', '2025-10-31 04:19:51'),
(104, 25, 'Simaninggir', '2025-10-31 04:20:15', '2025-10-31 04:20:15'),
(105, 25, 'Sinonoan', '2025-10-31 04:21:01', '2025-10-31 04:21:01'),
(106, 25, 'Tangga Bosi', '2025-10-31 04:21:33', '2025-10-31 04:21:33'),
(107, 25, 'Tangga Bosi II', '2025-10-31 04:21:49', '2025-10-31 04:21:49'),
(108, 25, 'Tangga Bosi III', '2025-10-31 04:22:03', '2025-10-31 04:22:03'),
(109, 25, 'Tanjung Sialang', '2025-10-31 04:22:40', '2025-10-31 04:22:40'),
(110, 25, 'Siabu', '2025-10-31 04:23:02', '2025-10-31 04:23:02'),
(111, 25, 'Simanggambat', '2025-10-31 04:23:27', '2025-10-31 04:23:27'),
(112, 20, 'Panyabungan I', '2025-10-31 04:25:01', '2025-10-31 04:25:01'),
(113, 20, 'Panyabungan II', '2025-10-31 04:25:15', '2025-10-31 04:25:15'),
(114, 20, 'Panyabungan III', '2025-10-31 04:25:24', '2025-10-31 04:25:24'),
(115, 20, 'Pasar Hilir', '2025-10-31 04:25:50', '2025-10-31 04:25:50'),
(116, 31, 'Tamiang', '2025-10-31 04:26:53', '2025-10-31 04:26:53'),
(117, 31, 'Pasar Kotanopan', '2025-10-31 04:27:19', '2025-10-31 04:27:19'),
(118, 37, 'Aek Baru Jae', '2025-10-31 04:29:17', '2025-10-31 04:29:17'),
(119, 37, 'Aek Baru Julu', '2025-10-31 04:29:32', '2025-10-31 04:29:32'),
(120, 37, 'Aek Guo', '2025-10-31 04:30:06', '2025-10-31 04:30:06'),
(121, 37, 'Aek Holbung', '2025-10-31 04:30:27', '2025-10-31 04:30:27'),
(122, 37, 'Aek Manggis', '2025-10-31 04:30:51', '2025-10-31 04:30:51'),
(123, 37, 'Aek Nabara', '2025-10-31 04:31:08', '2025-10-31 04:31:08'),
(124, 37, 'Aek Nangali', '2025-10-31 04:31:37', '2025-10-31 04:31:37'),
(125, 37, 'Ampung  Julu', '2025-10-31 04:32:13', '2025-10-31 04:32:13'),
(126, 37, 'Ampung  Padang', '2025-10-31 04:32:30', '2025-10-31 04:32:30'),
(127, 37, 'Ampung  Siala', '2025-10-31 04:32:48', '2025-10-31 04:32:48'),
(128, 37, 'Bangkelang', '2025-10-31 04:33:25', '2025-10-31 04:33:25'),
(129, 37, 'Banjar Malayu', '2025-10-31 04:34:09', '2025-10-31 04:34:09'),
(130, 37, 'Batu Madinding', '2025-10-31 04:34:39', '2025-10-31 04:34:39'),
(131, 37, 'Bulu Soma', '2025-10-31 04:35:18', '2025-10-31 04:35:18'),
(132, 37, 'Guo Batu', '2025-10-31 04:35:42', '2025-10-31 04:35:42'),
(133, 37, 'Hadangkahan', '2025-10-31 04:36:29', '2025-10-31 04:36:29'),
(134, 37, 'Hatupangan', '2025-10-31 04:36:54', '2025-10-31 04:36:54'),
(135, 37, 'Huta Lobu', '2025-10-31 04:37:52', '2025-10-31 04:37:52'),
(136, 37, 'Jambur Baru', '2025-10-31 04:38:26', '2025-10-31 04:38:26'),
(137, 37, 'Lubuk Bandar Panjang', '2025-10-31 04:39:02', '2025-10-31 04:39:02'),
(138, 37, 'Lubuk Samboa', '2025-10-31 04:39:26', '2025-10-31 04:39:26'),
(139, 37, 'Muara Parlampungan', '2025-10-31 04:40:03', '2025-10-31 04:40:03'),
(140, 37, 'Rantobi', '2025-10-31 04:40:41', '2025-10-31 04:40:41'),
(141, 37, 'Rao Rao', '2025-10-31 04:40:55', '2025-10-31 04:40:55'),
(142, 37, 'Simanguntong', '2025-10-31 04:41:22', '2025-10-31 04:41:22'),
(143, 37, 'Sipogu', '2025-10-31 04:41:52', '2025-10-31 04:41:52'),
(144, 37, 'Sopotinjak', '2025-10-31 04:42:17', '2025-10-31 04:42:17'),
(145, 37, 'Tarlola', '2025-10-31 04:42:38', '2025-10-31 04:42:38'),
(146, 37, 'Tombang Kaluang', '2025-10-31 04:43:47', '2025-10-31 04:43:47'),
(147, 37, 'Tor Naincat', '2025-10-31 04:44:27', '2025-10-31 04:44:27'),
(148, 37, 'Muara Soma', '2025-10-31 04:44:48', '2025-10-31 04:44:48'),
(149, 32, 'Balimbing', '2025-10-31 04:45:55', '2025-10-31 04:45:55'),
(150, 32, 'Bintuas', '2025-10-31 04:47:13', '2025-10-31 04:47:13'),
(151, 32, 'Bonda Kase', '2025-10-31 04:47:44', '2025-10-31 04:47:44'),
(152, 32, 'Buburan', '2025-10-31 04:48:10', '2025-10-31 04:48:10'),
(153, 32, 'Kampung Sawah', '2025-10-31 04:48:43', '2025-10-31 04:48:43'),
(154, 32, 'Kun Kun', '2025-10-31 04:49:06', '2025-10-31 04:49:06'),
(155, 32, 'Panggautan', '2025-10-31 04:49:30', '2025-10-31 04:49:30'),
(156, 32, 'Pardamean Baru', '2025-10-31 04:50:01', '2025-10-31 04:50:01'),
(157, 32, 'Pasar III Natal', '2025-10-31 04:50:37', '2025-10-31 04:50:37'),
(158, 32, 'Pasar V  Natal', '2025-10-31 04:50:53', '2025-10-31 04:50:53'),
(159, 32, 'Pasar VI  Natal', '2025-10-31 04:51:04', '2025-10-31 04:51:04'),
(160, 32, 'Patiluban Hilir', '2025-10-31 04:51:51', '2025-10-31 04:51:51'),
(161, 32, 'Patiluban Mudik', '2025-10-31 04:52:20', '2025-10-31 04:52:20'),
(162, 32, 'Perkebunan Patiluban', '2025-10-31 04:52:55', '2025-10-31 04:52:55'),
(163, 32, 'Rukun Jaya', '2025-10-31 04:53:15', '2025-10-31 04:53:15'),
(164, 32, 'Sasaran', '2025-10-31 04:53:32', '2025-10-31 04:53:32'),
(165, 32, 'Setia Karya', '2025-10-31 04:53:52', '2025-10-31 04:53:52'),
(166, 32, 'Sikara Kara', '2025-10-31 04:54:07', '2025-10-31 04:54:07'),
(167, 32, 'Sikara Kara II', '2025-10-31 04:54:33', '2025-10-31 04:54:33'),
(168, 32, 'Sikara Kara III', '2025-10-31 04:54:44', '2025-10-31 04:54:44'),
(169, 32, 'Sikara Kara IV', '2025-10-31 04:54:56', '2025-10-31 04:54:56'),
(170, 32, 'Sinunukan V', '2025-10-31 04:55:29', '2025-10-31 04:55:29'),
(171, 32, 'Suka Maju', '2025-10-31 04:55:53', '2025-10-31 04:55:53'),
(172, 32, 'Sundutan Tigo', '2025-10-31 04:56:24', '2025-10-31 04:56:24'),
(173, 32, 'Taluk', '2025-10-31 04:56:43', '2025-10-31 04:56:43'),
(174, 32, 'Tegal Sari', '2025-10-31 04:57:17', '2025-10-31 04:57:17'),
(175, 32, 'Tunas Karya', '2025-10-31 04:57:46', '2025-10-31 04:57:46'),
(176, 32, 'Pasar I Natal', '2025-10-31 04:58:13', '2025-10-31 04:58:13'),
(177, 32, 'Pasar II Natal', '2025-10-31 04:58:32', '2025-10-31 04:58:32'),
(178, 40, 'Banjur Aur', '2025-10-31 07:16:49', '2025-10-31 07:16:49'),
(180, 40, 'Batahan II', '2025-10-31 07:17:34', '2025-10-31 07:17:34'),
(181, 40, 'Batahan III', '2025-10-31 07:17:50', '2025-10-31 07:17:50'),
(182, 40, 'Batahan IV', '2025-10-31 07:18:02', '2025-10-31 07:18:02'),
(183, 40, 'Batu Sondat', '2025-10-31 07:18:37', '2025-10-31 07:18:37'),
(184, 40, 'Bintungan Bejangkar', '2025-10-31 07:19:26', '2025-10-31 07:19:26'),
(185, 40, 'Kampung Kapas I', '2025-10-31 07:19:55', '2025-10-31 07:19:55'),
(186, 40, 'Kampung Kapas II', '2025-10-31 07:20:08', '2025-10-31 07:20:08'),
(187, 40, 'Kuala Batahan', '2025-10-31 07:20:36', '2025-10-31 07:20:36'),
(188, 40, 'Kubangan Pandan Sari', '2025-10-31 07:21:18', '2025-10-31 07:21:18'),
(189, 40, 'Kubangan Tompek', '2025-10-31 07:21:50', '2025-10-31 07:21:50'),
(190, 40, 'Muara Pertemuan', '2025-10-31 07:22:26', '2025-10-31 07:22:26'),
(191, 40, 'Pasar Batahan', '2025-10-31 07:22:50', '2025-10-31 07:22:50'),
(193, 40, 'Sari Kenanga Batahan', '2025-10-31 07:24:24', '2025-10-31 07:24:24'),
(194, 40, 'Pulai Tamang', '2025-10-31 07:24:48', '2025-10-31 07:24:48'),
(195, 40, 'Wono Sari', '2025-10-31 07:25:06', '2025-10-31 07:25:06'),
(196, 24, 'Bange', '2025-10-31 07:25:31', '2025-10-31 07:25:31'),
(197, 24, 'Bange Nauli', '2025-10-31 07:25:54', '2025-10-31 07:25:54'),
(198, 24, 'Huta Bangun', '2025-10-31 07:26:18', '2025-10-31 07:26:18'),
(199, 24, 'Huta Bangun Jae', '2025-10-31 07:26:30', '2025-10-31 07:26:30'),
(200, 24, 'Janji Matogu', '2025-10-31 07:27:19', '2025-10-31 07:27:19'),
(201, 24, 'Lambou Darul Ihsan', '2025-10-31 07:27:57', '2025-10-31 07:27:57'),
(202, 24, 'Malintang', '2025-10-31 07:28:15', '2025-10-31 07:28:15'),
(203, 24, 'Malintang Jae', '2025-10-31 07:28:26', '2025-10-31 07:28:26'),
(204, 24, 'Malintang Julu', '2025-10-31 07:28:37', '2025-10-31 07:28:37'),
(206, 24, 'Sidojadi', '2025-10-31 07:29:18', '2025-10-31 07:29:18'),
(207, 24, 'Pasar Baru Malintang', '2025-10-31 07:30:00', '2025-10-31 07:30:00'),
(208, 27, 'Bangun Sejati', '2025-10-31 07:30:35', '2025-10-31 07:30:35'),
(209, 27, 'Binanga', '2025-10-31 07:31:00', '2025-10-31 07:31:00'),
(210, 27, 'Huta Bargot Dolok', '2025-10-31 07:31:22', '2025-10-31 07:31:22'),
(211, 27, 'Huta Bargot Lombang', '2025-10-31 07:31:43', '2025-10-31 07:31:43'),
(212, 27, 'Huta Bargot Nauli', '2025-10-31 07:32:02', '2025-10-31 07:32:02'),
(213, 27, 'Huta Bargot Setia', '2025-10-31 07:32:18', '2025-10-31 07:32:18'),
(214, 27, 'Hutanaingkan', '2025-10-31 07:33:02', '2025-10-31 07:33:02'),
(215, 27, 'Hutarimbaru', '2025-10-31 07:33:31', '2025-10-31 07:33:31'),
(216, 27, 'Kumpulan Setia', '2025-10-31 07:33:53', '2025-10-31 07:33:53'),
(217, 27, 'Mondan', '2025-10-31 07:34:10', '2025-10-31 07:34:10'),
(218, 27, 'Pasar Huta Bargot', '2025-10-31 07:34:40', '2025-10-31 07:34:40'),
(219, 27, 'Saba Padang', '2025-10-31 07:34:59', '2025-10-31 07:34:59'),
(220, 27, 'Sayur Maincat', '2025-10-31 07:35:18', '2025-10-31 07:35:18'),
(221, 27, 'Simalagi', '2025-10-31 07:35:36', '2025-10-31 07:35:36'),
(222, 28, 'Aek Marian Mg', '2025-10-31 07:36:18', '2025-10-31 07:36:18'),
(223, 28, 'Bangun Purba', '2025-10-31 07:36:37', '2025-10-31 07:36:37'),
(224, 28, 'Maga Dolok', '2025-10-31 07:36:58', '2025-10-31 07:36:58'),
(225, 28, 'Maga Lombang', '2025-10-31 07:37:14', '2025-10-31 07:37:14'),
(226, 28, 'Pangkat', '2025-10-31 07:37:32', '2025-10-31 07:37:32'),
(227, 28, 'Purba Baru', '2025-10-31 07:37:51', '2025-10-31 07:37:51'),
(228, 28, 'Purba Lamo', '2025-10-31 07:38:12', '2025-10-31 07:38:12'),
(229, 28, 'Sian Tona', '2025-10-31 07:38:31', '2025-10-31 07:38:31'),
(230, 28, 'Pasar Maga', '2025-10-31 07:38:53', '2025-10-31 07:38:53'),
(231, 35, 'Aek Garingging', '2025-10-31 07:39:22', '2025-10-31 07:39:22'),
(232, 35, 'Aek Manyuruk', '2025-10-31 07:39:49', '2025-10-31 07:39:49'),
(233, 35, 'Bandar Limabung', '2025-10-31 07:40:04', '2025-10-31 07:40:04'),
(234, 35, 'Banjar Naga', '2025-10-31 07:40:32', '2025-10-31 07:40:32'),
(235, 35, 'Batu Gajah', '2025-10-31 07:40:46', '2025-10-31 07:40:46'),
(236, 35, 'Bonca Baiyon', '2025-10-31 07:41:28', '2025-10-31 07:41:28'),
(237, 35, 'Kampung Baru', '2025-10-31 07:41:52', '2025-10-31 07:41:52'),
(238, 35, 'Lancat', '2025-10-31 07:42:11', '2025-10-31 07:42:11'),
(239, 35, 'Lobung', '2025-10-31 07:42:26', '2025-10-31 07:42:26'),
(240, 35, 'Pangkalan', '2025-10-31 07:42:44', '2025-10-31 07:42:44'),
(241, 35, 'Perkebunan Simpang Gambir', '2025-10-31 07:43:12', '2025-10-31 07:43:12'),
(242, 35, 'Sikumbu', '2025-10-31 07:43:31', '2025-10-31 07:43:31'),
(243, 35, 'Simpang Bajole', '2025-10-31 07:43:53', '2025-10-31 07:43:53'),
(244, 35, 'Simpang Duku', '2025-10-31 07:44:12', '2025-10-31 07:44:12'),
(245, 35, 'Simpang Durian', '2025-10-31 07:44:34', '2025-10-31 07:44:34'),
(246, 35, 'Simpang Koje', '2025-10-31 07:44:51', '2025-10-31 07:44:51'),
(247, 35, 'Ulu Torusan', '2025-10-31 07:45:16', '2025-10-31 07:45:16'),
(248, 35, 'Simpang Gambir', '2025-10-31 07:45:34', '2025-10-31 07:45:34'),
(249, 35, 'Tapus', '2025-10-31 07:45:53', '2025-10-31 07:45:53'),
(250, 34, 'Batu Mundam', '2025-10-31 07:46:18', '2025-10-31 07:46:18'),
(251, 34, 'Huta Imbaru', '2025-10-31 07:46:46', '2025-10-31 07:46:46'),
(252, 34, 'Lubuk Kapundung', '2025-10-31 07:47:16', '2025-10-31 07:47:16'),
(254, 34, 'Lubuk Kapundung II', '2025-10-31 07:47:51', '2025-10-31 07:47:51'),
(255, 34, 'Manuncang', '2025-10-31 07:48:51', '2025-10-31 07:48:51'),
(256, 34, 'Panunggulan', '2025-10-31 07:49:13', '2025-10-31 07:49:13'),
(257, 34, 'Pasar I Singkuang', '2025-10-31 07:49:40', '2025-10-31 07:49:40'),
(258, 34, 'Pasar II Singkuang', '2025-10-31 07:49:52', '2025-10-31 07:49:52'),
(259, 34, 'Rantau Panjang', '2025-10-31 07:50:12', '2025-10-31 07:50:12'),
(260, 34, 'Sale Baru', '2025-10-31 07:50:35', '2025-10-31 07:50:35'),
(261, 34, 'Sikapas', '2025-10-31 07:50:48', '2025-10-31 07:50:48'),
(262, 34, 'Suka Makmur', '2025-10-31 07:51:08', '2025-10-31 07:51:08'),
(263, 34, 'Tabuyung', '2025-10-31 07:51:29', '2025-10-31 07:51:29'),
(264, 34, 'Tagilang Julu', '2025-10-31 07:51:50', '2025-10-31 07:51:50'),
(265, 38, 'Aek Botung', '2025-10-31 07:52:21', '2025-10-31 07:52:21'),
(266, 38, 'Bandar Panjang', '2025-10-31 07:52:41', '2025-10-31 07:52:41'),
(267, 38, 'Bandar Panjang  Tuo', '2025-10-31 07:53:27', '2025-10-31 07:53:27'),
(268, 38, 'Kampung Pinang', '2025-10-31 07:53:47', '2025-10-31 07:53:47'),
(269, 38, 'Koto Baringin', '2025-10-31 07:54:12', '2025-10-31 07:54:12'),
(270, 38, 'Koto Baru', '2025-10-31 07:54:30', '2025-10-31 07:54:30'),
(271, 38, 'Limau Manis', '2025-10-31 07:54:48', '2025-10-31 07:54:48'),
(272, 38, 'Muara Kumpulan', '2025-10-31 07:55:11', '2025-10-31 07:55:11'),
(273, 38, 'Ranjo Batu', '2025-10-31 07:55:36', '2025-10-31 07:55:36'),
(274, 38, 'Sibinail', '2025-10-31 07:55:56', '2025-10-31 07:55:56'),
(275, 38, 'Simpang Mandepo', '2025-10-31 07:56:18', '2025-10-31 07:56:18'),
(276, 38, 'Tamiang Mudo', '2025-10-31 07:56:46', '2025-10-31 07:56:46'),
(277, 38, 'Tanjung Alai', '2025-10-31 07:57:05', '2025-10-31 07:57:05'),
(278, 38, 'Tanjung Larangan', '2025-10-31 07:57:21', '2025-10-31 07:57:21'),
(279, 38, 'Tanjung Medan', '2025-10-31 07:57:40', '2025-10-31 07:57:40'),
(280, 38, 'Pasar Muara Sipongi', '2025-10-31 07:58:03', '2025-10-31 07:58:03'),
(288, 39, 'Huta Gambir', '2025-10-31 08:01:17', '2025-10-31 08:01:17'),
(289, 39, 'Huta Julu', '2025-10-31 08:01:35', '2025-10-31 08:01:35'),
(290, 39, 'Huta Lancat', '2025-10-31 08:01:56', '2025-10-31 08:01:56'),
(291, 39, 'Huta Padang', '2025-10-31 08:02:10', '2025-10-31 08:02:10'),
(292, 39, 'Huta Toras', '2025-10-31 08:02:36', '2025-10-31 08:02:36'),
(293, 39, 'Pakantan Dolok', '2025-10-31 08:02:57', '2025-10-31 08:02:57'),
(294, 39, 'Pakantan Lombang', '2025-10-31 08:03:16', '2025-10-31 08:03:16'),
(295, 39, 'Silogun', '2025-10-31 08:03:40', '2025-10-31 08:03:40'),
(296, 22, 'Barbaran Jae', '2025-10-31 08:04:15', '2025-10-31 08:04:15'),
(297, 22, 'Barbaran Julu', '2025-10-31 08:04:31', '2025-10-31 08:04:31'),
(298, 22, 'Batang Gadis', '2025-10-31 08:04:53', '2025-10-31 08:04:53'),
(299, 22, 'Batang Gadis Jae', '2025-10-31 08:05:11', '2025-10-31 08:05:11'),
(300, 22, 'Huta Tonga Barbaran', '2025-10-31 08:05:45', '2025-10-31 08:05:45'),
(301, 22, 'Hutabaringin', '2025-10-31 08:06:10', '2025-10-31 08:06:10'),
(302, 22, 'Runding', '2025-10-31 08:06:23', '2025-10-31 08:06:23'),
(303, 22, 'Saba Jior', '2025-10-31 08:06:35', '2025-10-31 08:06:35'),
(304, 22, 'Sirambas', '2025-10-31 08:06:48', '2025-10-31 08:06:48'),
(305, 22, 'Longat', '2025-10-31 08:07:08', '2025-10-31 08:07:08'),
(306, 30, 'Aek Ngali', '2025-10-31 08:07:46', '2025-10-31 08:07:46'),
(307, 30, 'Hayu Raja', '2025-10-31 08:08:08', '2025-10-31 08:08:08'),
(308, 30, 'Huta Julu', '2025-10-31 08:08:29', '2025-10-31 08:08:29'),
(309, 30, 'Huta Raja Huta Julu', '2025-10-31 08:08:56', '2025-10-31 08:08:56'),
(310, 30, 'Hutaimbaru', '2025-10-31 08:09:22', '2025-10-31 08:09:22'),
(311, 30, 'Kayu Laut', '2025-10-31 08:09:39', '2025-10-31 08:09:39'),
(312, 30, 'Lumban Dolok', '2025-10-31 08:10:03', '2025-10-31 08:10:03'),
(313, 30, 'Pagaran Gala Gala', '2025-10-31 08:10:18', '2025-10-31 08:10:18'),
(314, 30, 'Roburan Dolok', '2025-10-31 08:10:43', '2025-10-31 08:10:43'),
(315, 30, 'Roburan Lombang', '2025-10-31 08:10:59', '2025-10-31 08:10:59'),
(316, 30, 'Tano Bato', '2025-10-31 08:11:25', '2025-10-31 08:11:25'),
(317, 21, 'Aek Nabara', '2025-10-31 08:12:01', '2025-10-31 08:12:01'),
(318, 21, 'Banjar Lancat', '2025-10-31 08:12:51', '2025-10-31 08:12:51'),
(319, 21, 'Huta Bangun', '2025-10-31 08:13:14', '2025-10-31 08:13:14'),
(320, 21, 'Huta Tinggi', '2025-10-31 08:13:39', '2025-10-31 08:13:39'),
(322, 21, 'Hutaimbaru', '2025-10-31 08:15:50', '2025-10-31 08:15:50'),
(323, 21, 'Pagur', '2025-10-31 08:16:12', '2025-10-31 08:16:12'),
(324, 21, 'Padang Laru', '2025-10-31 08:16:40', '2025-10-31 08:16:40'),
(325, 21, 'Pardomuan', '2025-10-31 08:17:11', '2025-10-31 08:17:11'),
(326, 21, 'Parmompang', '2025-10-31 08:17:32', '2025-10-31 08:17:32'),
(327, 21, 'Ranto Natas', '2025-10-31 08:18:00', '2025-10-31 08:18:00'),
(328, 21, 'Tanjung Julu', '2025-10-31 08:18:30', '2025-10-31 08:18:30'),
(329, 21, 'Tanjung', '2025-10-31 08:18:43', '2025-10-31 08:18:43'),
(330, 21, 'Tebing Tinggi', '2025-10-31 08:19:12', '2025-10-31 08:19:12'),
(331, 21, 'Gunung Baringin', '2025-10-31 08:19:38', '2025-10-31 08:19:38'),
(332, 23, 'Baringin Jaya', '2025-10-31 08:20:08', '2025-10-31 08:20:08'),
(333, 23, 'Huta Dame', '2025-10-31 08:20:45', '2025-10-31 08:20:45'),
(334, 23, 'Jambur Padang Matinggi', '2025-10-31 08:21:16', '2025-10-31 08:21:16'),
(335, 23, 'Kampung Baru', '2025-10-31 08:21:30', '2025-10-31 08:21:30'),
(336, 23, 'Mompang Julu', '2025-10-31 08:21:53', '2025-10-31 08:21:53'),
(337, 23, 'Rumbio', '2025-10-31 08:22:05', '2025-10-31 08:22:05'),
(339, 23, 'Simanondong', '2025-10-31 08:22:38', '2025-10-31 08:22:38'),
(340, 23, 'Sopo Sorik', '2025-10-31 08:23:31', '2025-10-31 08:23:31'),
(341, 23, 'Sukaramai', '2025-10-31 08:24:10', '2025-10-31 08:24:10'),
(342, 23, 'Tanjung Mompang', '2025-10-31 08:24:25', '2025-10-31 08:24:25'),
(343, 23, 'Tor Banua Raja', '2025-10-31 08:24:48', '2025-10-31 08:24:48'),
(344, 23, 'Mompang Jae', '2025-10-31 08:25:13', '2025-10-31 08:25:13'),
(345, 29, 'Handel', '2025-10-31 08:25:56', '2025-10-31 08:25:56'),
(346, 29, 'Huta Baringin', '2025-10-31 08:26:17', '2025-10-31 08:26:17'),
(347, 29, 'Huta Baringin Julu', '2025-10-31 08:26:29', '2025-10-31 08:26:29'),
(348, 29, 'Huta Baru', '2025-10-31 08:26:54', '2025-10-31 08:26:54'),
(349, 29, 'Huta Lombang', '2025-10-31 08:27:22', '2025-10-31 08:27:22'),
(350, 29, 'Huta Namale', '2025-10-31 08:27:45', '2025-10-31 08:27:45'),
(351, 29, 'Huta Tinggi', '2025-10-31 08:28:01', '2025-10-31 08:28:01'),
(352, 29, 'Purba Julu', '2025-10-31 08:28:17', '2025-10-31 08:28:17'),
(353, 29, 'Sibanggor Jae', '2025-10-31 08:28:36', '2025-10-31 08:28:36'),
(354, 29, 'Sibanggor Julu', '2025-10-31 08:28:48', '2025-10-31 08:28:48'),
(356, 29, 'Sibanggor Tonga', '2025-10-31 08:29:12', '2025-10-31 08:29:12'),
(357, 36, 'Bangun Saroha', '2025-10-31 08:30:42', '2025-10-31 08:30:42'),
(358, 36, 'Banjar Maga', '2025-10-31 08:31:02', '2025-10-31 08:31:02'),
(359, 36, 'Gonting', '2025-10-31 08:31:18', '2025-10-31 08:31:18'),
(360, 36, 'Gunung Godang', '2025-10-31 08:31:40', '2025-10-31 08:31:40'),
(361, 36, 'Huta Baringin', '2025-10-31 08:32:01', '2025-10-31 08:32:01'),
(362, 36, 'Huta Nauli', '2025-10-31 08:32:18', '2025-10-31 08:32:18'),
(363, 36, 'Huta Raja', '2025-10-31 08:32:29', '2025-10-31 08:32:29'),
(364, 36, 'Lubuk Kancah', '2025-10-31 08:32:48', '2025-10-31 08:32:48'),
(365, 36, 'Manisak', '2025-10-31 08:33:06', '2025-10-31 08:33:06'),
(366, 36, 'Padang Silojongon', '2025-10-31 08:33:29', '2025-10-31 08:33:29'),
(367, 36, 'Ranto Nalinjang', '2025-10-31 08:33:50', '2025-10-31 08:33:50'),
(368, 36, 'Ranto Panjang', '2025-10-31 08:34:16', '2025-10-31 08:34:16'),
(369, 36, 'Sampuran', '2025-10-31 08:34:34', '2025-10-31 08:34:34'),
(370, 36, 'Simaninggir', '2025-10-31 08:34:52', '2025-10-31 08:34:52'),
(371, 36, 'Simpang Talap', '2025-10-31 08:35:10', '2025-10-31 08:35:10'),
(372, 36, 'Tandikek', '2025-10-31 08:35:26', '2025-10-31 08:35:26'),
(373, 36, 'Torusan Duo Sepakat', '2025-10-31 08:35:58', '2025-10-31 08:35:58'),
(374, 36, 'Torusan Muara Bangko', '2025-10-31 08:36:20', '2025-10-31 08:36:20'),
(375, 33, 'Airapa', '2025-10-31 08:36:55', '2025-10-31 08:36:55'),
(376, 33, 'Banjar Aur Utara', '2025-10-31 08:37:21', '2025-10-31 08:37:21'),
(377, 33, 'Bintungan Bejangkar Baru', '2025-10-31 08:38:15', '2025-10-31 08:38:15'),
(378, 33, 'Kampung Kapas II', '2025-10-31 08:38:42', '2025-10-31 08:38:42'),
(379, 33, 'Pasir Putih', '2025-10-31 08:39:04', '2025-10-31 08:39:04'),
(380, 33, 'Sido Makmur', '2025-10-31 08:39:27', '2025-10-31 08:39:27'),
(381, 33, 'Sinunukan I', '2025-10-31 08:39:48', '2025-10-31 08:39:48'),
(382, 33, 'Sinunukan II', '2025-10-31 08:39:58', '2025-10-31 08:39:58'),
(383, 33, 'Sinunukan III', '2025-10-31 08:40:08', '2025-10-31 08:40:08'),
(384, 33, 'Sinunukan IV', '2025-10-31 08:40:19', '2025-10-31 08:40:19'),
(386, 33, 'Sinunukan VI', '2025-10-31 08:40:46', '2025-10-31 08:40:46'),
(387, 33, 'Suka Damai', '2025-10-31 08:41:27', '2025-10-31 08:41:27'),
(388, 33, 'Suka Damai II', '2025-10-31 08:41:40', '2025-10-31 08:41:40'),
(389, 33, 'Widoderen', '2025-10-31 08:42:01', '2025-10-31 08:42:01'),
(390, 41, 'Angin Barat', '2025-10-31 08:43:12', '2025-10-31 08:43:12'),
(391, 41, 'Huta Tonga AB', '2025-10-31 08:43:39', '2025-10-31 08:43:39'),
(392, 41, 'Laru Baringin', '2025-10-31 08:44:03', '2025-10-31 08:44:03'),
(393, 41, 'Laru Bolak', '2025-10-31 08:44:23', '2025-10-31 08:44:23'),
(394, 41, 'Laru Dolok', '2025-10-31 08:44:36', '2025-10-31 08:44:36'),
(395, 41, 'Lumban Pasir', '2025-10-31 08:45:04', '2025-10-31 08:45:04'),
(396, 41, 'Muara Mais', '2025-10-31 08:45:24', '2025-10-31 08:45:24'),
(397, 41, 'Muara Mais Jambur', '2025-10-31 08:45:45', '2025-10-31 08:45:45'),
(398, 41, 'Padang Sanggar', '2025-10-31 08:46:10', '2025-10-31 08:46:10'),
(399, 41, 'Panjaringan', '2025-10-31 08:46:36', '2025-10-31 08:46:36'),
(400, 41, 'Pasar Laru', '2025-10-31 08:46:56', '2025-10-31 08:46:56'),
(401, 41, 'Pastap', '2025-10-31 08:47:16', '2025-10-31 08:47:16'),
(402, 41, 'Pastap Julu', '2025-10-31 08:47:31', '2025-10-31 08:47:31'),
(403, 41, 'Rao Rao Dolok', '2025-10-31 08:47:55', '2025-10-31 08:47:55'),
(404, 41, 'Rao Rao Lombang', '2025-10-31 08:48:12', '2025-10-31 08:48:12'),
(405, 41, 'Simangambat TB', '2025-10-31 08:48:31', '2025-10-31 08:48:31'),
(406, 41, 'Tambangan Jae', '2025-10-31 08:48:51', '2025-10-31 08:48:51'),
(407, 41, 'Tambangan Pasoman', '2025-10-31 08:49:07', '2025-10-31 08:49:07'),
(408, 41, 'Tambangan Tonga', '2025-10-31 08:49:19', '2025-10-31 08:49:19'),
(409, 41, 'Laru Lombang', '2025-10-31 08:49:36', '2025-10-31 08:49:36'),
(410, 42, 'Alahan Kae', '2025-10-31 08:50:09', '2025-10-31 08:50:09'),
(411, 42, 'Habincaran', '2025-10-31 08:50:21', '2025-10-31 08:50:21'),
(412, 42, 'Huta Padang Up', '2025-10-31 08:50:49', '2025-10-31 08:50:49'),
(413, 42, 'Huta Rimbaru Up', '2025-10-31 08:51:17', '2025-10-31 08:51:17'),
(414, 42, 'Muara Saladi', '2025-10-31 08:51:34', '2025-10-31 08:51:34'),
(415, 42, 'Patahajang', '2025-10-31 08:51:52', '2025-10-31 08:51:52'),
(416, 42, 'Simpang Banyak Jae', '2025-10-31 08:52:12', '2025-10-31 08:52:12'),
(417, 42, 'Simpang Banyak Julu', '2025-10-31 08:52:23', '2025-10-31 08:52:23'),
(418, 42, 'Simpang Duhu Lombang', '2025-10-31 08:52:42', '2025-10-31 08:52:42'),
(419, 42, 'Simpang Duku Dolok', '2025-10-31 08:52:58', '2025-10-31 08:52:58'),
(420, 42, 'Simpang Pining', '2025-10-31 08:53:19', '2025-10-31 08:53:19'),
(421, 42, 'Tolang', '2025-10-31 08:53:32', '2025-10-31 08:53:32'),
(422, 42, 'Huta Godang', '2025-10-31 08:53:48', '2025-10-31 08:53:48'),
(423, 21, 'Sirangkap', '2025-10-31 09:06:13', '2025-10-31 09:06:13'),
(424, 26, 'Banua Rakyat', '2025-10-31 09:10:17', '2025-10-31 09:10:17'),
(425, 26, 'Banua Simanosor', '2025-10-31 09:10:40', '2025-10-31 09:10:40'),
(426, 26, 'Humbang I', '2025-10-31 09:11:02', '2025-10-31 09:11:02'),
(427, 26, 'Sayur Matua', '2025-10-31 09:11:28', '2025-10-31 09:11:28'),
(428, 26, 'Tambiski', '2025-10-31 09:11:48', '2025-10-31 09:11:48'),
(429, 26, 'Tambiski Nauli', '2025-10-31 09:12:02', '2025-10-31 09:12:02'),
(430, 26, 'Tarutung Panjang', '2025-10-31 09:12:20', '2025-10-31 09:12:20'),
(432, 40, 'Pasar Baru Batahan', '2025-11-03 04:09:29', '2025-11-03 04:09:29'),
(433, 40, 'Batahan I', '2025-11-03 04:18:39', '2025-11-03 04:18:39'),
(434, 32, 'Si Kara -Kara I', '2025-11-03 04:27:01', '2025-11-03 04:27:01');

-- --------------------------------------------------------

--
-- Struktur dari tabel `kecamatan`
--

CREATE TABLE `kecamatan` (
  `id_kecamatan` int NOT NULL,
  `nama_kecamatan` varchar(100) COLLATE utf8mb3_swedish_ci NOT NULL,
  `created_at` timestamp NULL DEFAULT CURRENT_TIMESTAMP,
  `updated_at` timestamp NULL DEFAULT CURRENT_TIMESTAMP ON UPDATE CURRENT_TIMESTAMP
) ENGINE=InnoDB DEFAULT CHARSET=utf8mb3 COLLATE=utf8mb3_swedish_ci;

--
-- Dumping data untuk tabel `kecamatan`
--

INSERT INTO `kecamatan` (`id_kecamatan`, `nama_kecamatan`, `created_at`, `updated_at`) VALUES
(20, 'Panyabungan', '2025-10-29 14:27:45', '2025-10-29 23:48:39'),
(21, 'Panyabungan Timur', '2025-10-29 23:46:34', '2025-10-29 23:49:01'),
(22, 'Panyabungan Barat', '2025-10-29 23:46:43', '2025-10-29 23:47:53'),
(23, 'Panyabungan Utara', '2025-10-29 23:49:23', '2025-10-29 23:49:23'),
(24, 'Bukit Malintang', '2025-10-29 23:49:57', '2025-10-29 23:49:57'),
(25, 'Siabu', '2025-10-29 23:50:15', '2025-10-29 23:50:15'),
(26, 'Naga Juang', '2025-10-29 23:50:35', '2025-10-29 23:50:35'),
(27, 'Hutabargot', '2025-10-29 23:51:10', '2025-10-29 23:51:10'),
(28, 'Lembah Sorik Marapi', '2025-10-29 23:51:30', '2025-10-29 23:51:30'),
(29, 'Puncak Sorik Marapi', '2025-10-29 23:51:46', '2025-10-29 23:51:46'),
(30, 'Panyabungan Selatan', '2025-10-29 23:52:02', '2025-10-29 23:52:02'),
(31, 'Kotanopan', '2025-10-29 23:52:14', '2025-10-29 23:52:14'),
(32, 'Natal', '2025-10-29 23:53:03', '2025-10-29 23:53:03'),
(33, 'Sinunukan', '2025-10-29 23:53:15', '2025-10-29 23:53:15'),
(34, 'Muara Batang Gadis', '2025-10-29 23:53:30', '2025-10-29 23:53:30'),
(35, 'Lingga Bayu', '2025-10-29 23:53:50', '2025-10-29 23:53:50'),
(36, 'Ranto Baek', '2025-10-29 23:54:08', '2025-10-29 23:54:08'),
(37, 'Batang Natal', '2025-10-29 23:54:24', '2025-10-29 23:54:24'),
(38, 'Muara Sipongi', '2025-10-29 23:54:55', '2025-10-29 23:54:55'),
(39, 'Pakantan', '2025-10-29 23:55:11', '2025-10-29 23:55:11'),
(40, 'Batahan', '2025-10-29 23:56:12', '2025-10-29 23:56:12'),
(41, 'Tambangan', '2025-10-29 23:56:42', '2025-10-29 23:56:42'),
(42, 'Ulu Pungkut', '2025-10-29 23:56:53', '2025-10-29 23:56:53');

-- --------------------------------------------------------

--
-- Struktur dari tabel `laporan_camat`
--

CREATE TABLE `laporan_camat` (
  `id_laporan_camat` int NOT NULL,
  `id_user` int NOT NULL,
  `nama_pelapor` varchar(100) COLLATE utf8mb3_swedish_ci NOT NULL,
  `nama_desa` varchar(100) COLLATE utf8mb3_swedish_ci NOT NULL,
  `nama_kecamatan` varchar(100) COLLATE utf8mb3_swedish_ci NOT NULL,
  `waktu_kejadian` datetime NOT NULL,
  `tujuan` enum('bupati','wakil bupati','sekda','opd') COLLATE utf8mb3_swedish_ci NOT NULL,
  `uraian_laporan` text COLLATE utf8mb3_swedish_ci NOT NULL,
  `upload_file` varchar(255) COLLATE utf8mb3_swedish_ci DEFAULT NULL,
  `status_laporan` enum('baru','diproses','selesai') COLLATE utf8mb3_swedish_ci DEFAULT 'baru',
  `created_at` timestamp NULL DEFAULT CURRENT_TIMESTAMP,
  `updated_at` timestamp NULL DEFAULT CURRENT_TIMESTAMP ON UPDATE CURRENT_TIMESTAMP
) ENGINE=InnoDB DEFAULT CHARSET=utf8mb3 COLLATE=utf8mb3_swedish_ci;

--
-- Dumping data untuk tabel `laporan_camat`
--

INSERT INTO `laporan_camat` (`id_laporan_camat`, `id_user`, `nama_pelapor`, `nama_desa`, `nama_kecamatan`, `waktu_kejadian`, `tujuan`, `uraian_laporan`, `upload_file`, `status_laporan`, `created_at`, `updated_at`) VALUES
(10, 17, 'camatpanyabunganbarat', 'Batang Gadis', 'Panyabungan Barat', '2025-11-26 12:25:00', 'bupati', 'Ass...izin Pimpinan, melaporkan kegiatan Kantor Camat Panyabungan Barat bersama Puskesmas Longat, Babinsa Koramil 13/Pyb  pada hari selasa tanggal 26 November \r\nMelaksanakan kegiatan Monitoring di Desa Barbaran jae, Barbaran, Batang Gadis Jae dan Batang Gadis kecamatan Panyabungan Barat yang terdampak Banjir akibat meluapnya Sungai aek sarir, Sungai Sirambas dan Sungai batang gadis.\r\n*JENIS KEGIATAN :*\r\n-Melaksanakan Pemantauan Banjir dan pengobatan oleh Puskesmas Longat bagi yg membutuhkan akibat Banjir\r\n*KERUGIAN*\r\n- Korban jiwa\' nihil\r\n- 2 KK mengungsi di Batang Gadis dan 1 KK mengungsi di Batang Gadis Jae kerumah warga/keluarga yg lebih tinggi\r\n- rumah warga yang terendam akibat banjir -+ 78 rumah\r\n- Lahan pertanian -+100 ha terendam \r\nKondisi Banjir saat ini :\r\n- kodisi air masih masih naik\r\n- Ketinggian Air bervariasi sampai dengan 1  meter di jalan poros desa Barbaran jae, Batang Gadis dan Batang Gadis Jae.\r\n\r\nTindakan yang dilakukan :\r\n- Berkordinasi dengan Pemerintahan Desa tentang langkah langkah Antisipasi yang akan diambil apabila kondisi Banjir terus meningkat \r\n- mebuat dapur umum di Desa Batang Gadis\r\n- Menghimbau kepada masyarakat agar lebih meningkatkan kewaspadaan dan menghimbau masyarakat agar bersedia untuk mengungsi apabila kondisi Banjir terus meningkat.\r\n\r\nSelama kegiatan berjalan dalam keadaan Aman\r\n\r\nDemikian dilaporkan.', 'uploads/laporan_camat/6926ac2bbcb12.jpg', 'baru', '2025-11-26 07:28:43', '2025-11-26 07:28:43'),
(11, 14, 'camatmuarasipongi', 'Tanjung Medan', 'Muara Sipongi', '2025-11-26 06:00:00', 'wakil bupati', 'Izin Pimpinan Melaporkan telah terjadi longsor di jalan Pakantan Desa Tanjung Medan yang mengakibatkan akses terputus jalan tertimbun sepanjang 20 meter dengan ketinggian 3 meter, atas saran dari kadis PU dan kerja sama dengan kepala desa dan Masyarakat dengan memaatkan alat berat yang kebetulan ada di Muarasipingi material sudah kami kerjakan sampai selesai dan alhamdulillah akses Muarasipingi Pakantan telah normal kembali. Demikian laporan ini mohon saran dan bimbingannya.', 'uploads/laporan_camat/69287d79687e2.jpg', 'baru', '2025-11-27 16:34:01', '2025-11-27 16:34:01'),
(12, 14, 'camatmuarasipongi', 'Pasar Muara Sipongi', 'Muara Sipongi', '2025-11-28 08:21:00', 'sekda', 'Izin Pimpinan, Melaporkan kondisi terkini Kecamatan Muara Sipongi Cuaca Hujan sedang dari tadi malam sampai pagi ini alhamdulillah wilayah Kecamatan Muara Sipongi dari Perbatasan Sumatera Barat sampai ke batas Kecamatan Kotanopan dalam kondisi aman dan kondusif. Demikian laporan ini kami sampaikan pimpinan.', 'uploads/laporan_camat/6928fa5056dcd.jpg', 'baru', '2025-11-28 01:26:40', '2025-11-28 01:26:40'),
(13, 14, 'camatmuarasipongi', 'Pasar Muara Sipongi', 'Muara Sipongi', '2026-02-04 12:30:00', 'bupati', 'Izin melaporkan Bapak, telah terjadi kebakaran Sebuah rumah di Relokasi kelurahan pasar muarasipongi kecamatan muarasipongi, atas nama Hamdan, hari ini Rabu, 4 Februari 2026. skitar jam 12.30 wib,\r\nKerugian berkisar kurang lebih 1.5 milyar, sekian izin melaporkan.', 'uploads/laporan_camat/6983241a25b70.jpg', 'baru', '2026-02-04 10:48:58', '2026-02-04 10:48:58'),
(14, 4, 'camat pakantan', 'Huta Padang', 'Pakantan', '2026-06-09 09:16:00', 'opd', 'Camat pakantan beserta staf melakukan sidak harga di pasar pakantan', 'uploads/laporan_camat/6a3410ac2de0b.jpg', 'baru', '2026-06-18 15:37:16', '2026-06-18 15:37:16'),
(15, 4, 'camat pakantan', 'Huta Padang', 'Pakantan', '2026-06-15 08:10:00', 'opd', 'Apel gabungan lintas sektor di halaman aula kantor camat Pakantan', 'uploads/laporan_camat/6a3411bea53ca.jpg', 'baru', '2026-06-18 15:41:50', '2026-06-18 15:41:50'),
(16, 4, 'camat pakantan', 'Huta Padang', 'Pakantan', '2026-06-19 09:04:00', 'opd', 'Senam bersama dengan lintas sektor dan masyarakat di halaman aula kantor camat Pakantan.', 'uploads/laporan_camat/6a34c15f6cc5e.jpg', 'baru', '2026-06-19 04:11:11', '2026-06-19 04:11:11'),
(17, 4, 'camat pakantan', 'Huta Padang', 'Pakantan', '2026-06-19 09:09:00', 'opd', 'Senam bersama dengan lintas sektor di kecamatan Pakantan.', 'uploads/laporan_camat/6a34c1d623741.jpg', 'baru', '2026-06-19 04:13:10', '2026-06-19 04:13:10'),
(18, 4, 'camat pakantan', 'Huta Padang', 'Pakantan', '2026-06-19 09:20:00', 'opd', 'Senam bersama kecamatan Pakantan.', NULL, 'baru', '2026-06-19 04:14:11', '2026-06-19 04:14:11'),
(19, 4, 'camat pakantan', 'Huta Padang', 'Pakantan', '2026-06-19 09:26:00', 'opd', 'Senam bersama dengan masyarakat.', NULL, 'baru', '2026-06-19 04:15:08', '2026-06-19 04:15:08');

-- --------------------------------------------------------

--
-- Struktur dari tabel `laporan_opd`
--

CREATE TABLE `laporan_opd` (
  `id_laporan_opd` int NOT NULL,
  `id_user` int NOT NULL,
  `nama_opd` varchar(150) COLLATE utf8mb3_swedish_ci NOT NULL,
  `nama_kegiatan` varchar(150) COLLATE utf8mb3_swedish_ci NOT NULL,
  `uraian_laporan` text COLLATE utf8mb3_swedish_ci NOT NULL,
  `tujuan` enum('dinas kominfo') COLLATE utf8mb3_swedish_ci DEFAULT 'dinas kominfo',
  `upload_file` varchar(255) COLLATE utf8mb3_swedish_ci DEFAULT NULL,
  `status_laporan` enum('baru','diproses','selesai') COLLATE utf8mb3_swedish_ci DEFAULT 'baru',
  `created_at` timestamp NULL DEFAULT CURRENT_TIMESTAMP,
  `updated_at` timestamp NULL DEFAULT CURRENT_TIMESTAMP ON UPDATE CURRENT_TIMESTAMP
) ENGINE=InnoDB DEFAULT CHARSET=utf8mb3 COLLATE=utf8mb3_swedish_ci;

--
-- Dumping data untuk tabel `laporan_opd`
--

INSERT INTO `laporan_opd` (`id_laporan_opd`, `id_user`, `nama_opd`, `nama_kegiatan`, `uraian_laporan`, `tujuan`, `upload_file`, `status_laporan`, `created_at`, `updated_at`) VALUES
(9, 71, 'DINAS PARIWISATA', 'toren rusak', 'toren rusak gak bia digunakan mau k e kamar mandi susah banget ya allah', 'dinas kominfo', 'uploads/laporan_opd/laporan_opd_1781845053_6a34cc3d5a010.png', 'selesai', '2026-06-19 04:57:33', '2026-06-19 04:58:21'),
(10, 48, 'DINAS PEKERJAAN UMUM DAN PENATAAN RUANG', 'Korve di Lingkungan Kantor Dinas Pekerjaan Umum dan Penataan Ruang', 'Jum\'at 12 Juni 2026\r\nPegawai Dinas Pekerjaan Umum Melakukan kegiatan kerja bakti dan gotong royong untuk membersihkan dan merapikan lingkungan kantor secara bersama-sama', 'dinas kominfo', 'uploads/laporan_opd/laporan_opd_1781858701_6a35018d4a8f0.pdf', 'baru', '2026-06-19 08:42:52', '2026-06-19 08:45:01'),
(11, 33, 'SEKRETARIAT DAERAH KABUPATEN', 'LAPORAN KEGIATAN Review Dokumen Persiapan Tender Pembangunan Gedung Pelayanan Cytotoxic Drugs Safety Cabinet RSUD Panyabungan Mandailing Natal', 'Kegiatan review dokumen persiapan tender Pembangunan Gedung Pelayanan Cytotoxic Drugs Safety Cabinet RSUD Mandailing Natal dilaksanakan sebagai langkah penting untuk memastikan dokumen tender siap, spesifikasi teknis tepat, serta proses pengadaan berjalan transparan dan akuntabel.', 'dinas kominfo', 'uploads/laporan_opd/laporan_opd_1781861789_6a350d9d09e49.pdf', 'baru', '2026-06-19 09:36:29', '2026-06-19 09:38:03'),
(12, 33, 'SEKRETARIAT DAERAH KABUPATEN', 'Kegiatan Corvee Tanggal 19 Juni 2026', 'Gerakan Kerja Bakti Kebersihan merupakan program rutin yang dilaksanakan setiap Jumat selama 15 (lima belas) menit di awal jam kerja oleh seluruh pegawai Bagian Pengadaan Barang dan Jasa Sekretariat Daerah Kabupaten Mandailing Natal. Pelaksanaan kegiatan ini merupakan tindak lanjut dari Instruksi Bupati Mandailing Natal Nomor: 660/0692/DLH/2026 dan Pengumuman Nomor: 050/096/PBJ/2026.', 'dinas kominfo', 'uploads/laporan_opd/laporan_opd_1781862259_6a350f73dd3fc.pdf', 'baru', '2026-06-19 09:44:19', '2026-06-19 09:44:19'),
(13, 29, 'SEKRETARIAT DAERAH KABUPATEN', 'Jumat Bersih', 'KEBERSIHAN LINGKUNGAN KANTOR DAN LINGKUNGAN MESJID', 'dinas kominfo', 'uploads/laporan_opd/laporan_opd_1781882746_6a355f7abb444.jpg', 'baru', '2026-06-19 15:25:46', '2026-06-19 15:25:46'),
(14, 29, 'SEKRETARIAT DAERAH KABUPATEN', 'Menghadiri Undangan. Dari Yayasan Siabu Centre', 'Izin Pimpinan Melaporkan giat hari ini, menghadiri pelantikan pengurus *Yayasan Siabu Centre Bersinar (YSCB) di Kelurahan Siabu Kecamatan Siabu.\r\nTurut hadir dalam kegiatan ini:_\r\n1. Kabag. Kesra sebagai perwakilan Bapak Bupati Mandailing Natal\r\n2. Perwakilan Forkopimda\r\n3. Perwakilan anggota DPRD dari Dapil V; Fraksi Golkar dan Nasdem\r\n4. BNNK Mandailing Natal \r\n5. Forkopimcam dan Lintas Sektoral Kecamatan Siabu\r\n6. Luruh Siabu\r\n7. Dewan Pembina, Pengurus dan Pengawas Yayasan\r\n8. Tomasy, Toga, Tokoh Adat/Hatobangon, NNB dan masyarakat Kelurahan Siabu.\r\nPada giat pelantikan ini dirangkai dengan sosialisasi pencegahan dan penanggulangan bahaya narkoba sekaligus penandatanganan fakta integritas perang terhadap narkoba.', 'dinas kominfo', 'uploads/laporan_opd/laporan_opd_1781957434_6a36833a1cd94.jpg', 'baru', '2026-06-20 12:10:34', '2026-06-20 12:10:34');

-- --------------------------------------------------------

--
-- Struktur dari tabel `opd`
--

CREATE TABLE `opd` (
  `id_opd` int NOT NULL,
  `nama_opd` varchar(150) COLLATE utf8mb3_swedish_ci NOT NULL,
  `created_at` timestamp NULL DEFAULT CURRENT_TIMESTAMP,
  `updated_at` timestamp NULL DEFAULT CURRENT_TIMESTAMP ON UPDATE CURRENT_TIMESTAMP
) ENGINE=InnoDB DEFAULT CHARSET=utf8mb3 COLLATE=utf8mb3_swedish_ci;

--
-- Dumping data untuk tabel `opd`
--

INSERT INTO `opd` (`id_opd`, `nama_opd`, `created_at`, `updated_at`) VALUES
(3, 'DINAS KOMUNIKASI DAN INFORMATIKA', '2025-10-30 01:16:57', '2025-10-30 03:43:52'),
(4, 'SEKRETARIAT DAERAH KABUPATEN', '2025-10-30 03:43:11', '2025-10-30 03:43:11'),
(5, 'DINAS PENDIDIKAN DAN KEBUDAYAAN', '2025-10-30 03:46:44', '2025-10-30 03:46:44'),
(6, 'DINAS KESEHATAN', '2025-10-30 03:47:15', '2025-10-30 03:47:15'),
(7, 'DINAS PEKERJAAN UMUM DAN PENATAAN RUANG', '2025-10-30 03:47:31', '2025-10-30 03:47:31'),
(8, 'DINAS PERUMAHAN RAKYAT DAN KAWASAN PERMUKIMAN SERTA PERTANAHAN', '2025-10-30 03:48:26', '2025-10-30 03:48:26'),
(9, 'SATUAN POLISI PAMONG PRAJA DAN PEMADAM KEBAKARAN', '2025-10-30 03:48:49', '2025-10-30 03:48:49'),
(10, 'DINAS SOSIAL, PEMBERDAYAAN PEREMPUAN DAN PERLIDUNGAN ANAK', '2025-10-30 03:49:05', '2025-10-30 03:49:05'),
(11, 'DINAS KOPERASI, USAHA KECIL DAN MENENGAH', '2025-10-30 03:49:18', '2025-10-30 03:49:18'),
(12, 'DINAS TENAGA KERJA', '2025-10-30 03:49:29', '2025-10-30 03:49:29'),
(13, 'DINAS PENGENDALIAN PENDUDUK DAN KELUARGA BERENCANA', '2025-10-30 03:49:40', '2025-10-30 03:49:40'),
(14, 'DINAS KETAHANAN PANGAN', '2025-10-30 03:49:53', '2025-10-30 03:49:53'),
(15, 'DINAS PERTANIAN', '2025-10-30 03:50:04', '2025-10-30 03:50:04'),
(16, 'DINAS LINGKUNGAN HIDUP', '2025-10-30 03:50:15', '2025-10-30 03:50:15'),
(17, 'DINAS KEPENDUDUKAN DAN PENCATATAN SIPIL', '2025-10-30 03:50:24', '2025-10-30 03:50:24'),
(18, 'DINAS PEMBERDAYAAN MASYARAKAT DAN DESA', '2025-10-30 03:50:38', '2025-10-30 03:50:38'),
(19, 'DINAS PERHUBUNGAN', '2025-10-30 03:50:48', '2025-10-30 03:50:48'),
(20, 'DINAS PERPUSTAKAAN DAN KEARSIPAN', '2025-10-30 03:51:00', '2025-10-30 03:51:00'),
(21, 'DINAS PENANAMAN MODAL DAN PELAYANAN TERPADU SATU PINTU', '2025-10-30 03:51:25', '2025-10-30 03:51:25'),
(22, 'DINAS PEMUDA DAN OLAHRAGA', '2025-10-30 03:51:47', '2025-10-30 03:51:47'),
(23, 'DINAS PERIKANAN', '2025-10-30 03:52:12', '2025-10-30 03:52:12'),
(24, 'DINAS PARIWISATA', '2025-10-30 03:52:24', '2025-10-30 03:52:24'),
(25, 'DINAS PERDAGANGAN', '2025-10-30 03:52:34', '2025-10-30 03:52:34'),
(26, 'BADAN PERENCANAAN PEMBANGUNAN, RISET DAN INOVASI DAERAH', '2025-10-30 03:52:47', '2025-10-30 03:52:47'),
(27, 'BADAN PENGELOLAAN KEUANGAN DAN ASET DAERAH', '2025-10-30 03:52:56', '2025-10-30 03:52:56'),
(28, 'BADAN PENDAPATAN DAERAH', '2025-10-30 03:53:12', '2025-10-30 03:53:12'),
(29, 'BADAN KEPEGAWAIAN DAN PENGEMBANGAN SUMBER DAYA MANUSIA', '2025-10-30 03:53:23', '2025-10-30 03:53:23'),
(30, 'BADAN PENANGGULANGAN BENCANA DAERAH', '2025-10-30 03:53:34', '2025-10-30 03:53:34'),
(31, 'BADAN KESATUAN BANGSA DAN POLITIK', '2025-10-30 03:53:45', '2025-10-30 03:53:45'),
(32, 'INSPEKTORAT DAERAH KABUPATEN', '2025-10-30 03:56:14', '2025-10-30 03:56:14'),
(33, 'RUMAH SAKIT UMUM DAERAH PANYABUNGAN', '2025-10-31 03:59:50', '2025-10-31 03:59:50'),
(34, 'RUMAH SAKIT UMUM DAERAH HUSNI THAMRIN NATAL', '2025-10-31 04:00:28', '2025-10-31 04:00:28'),
(35, 'SEKRETARIAT DEWAN', '2025-10-31 04:01:14', '2025-10-31 04:01:14');

-- --------------------------------------------------------

--
-- Struktur dari tabel `profile`
--

CREATE TABLE `profile` (
  `id_profile` int NOT NULL,
  `nama_aplikasi` varchar(150) COLLATE utf8mb3_swedish_ci NOT NULL,
  `logo` varchar(255) COLLATE utf8mb3_swedish_ci DEFAULT NULL,
  `role` enum('camat','opd') COLLATE utf8mb3_swedish_ci NOT NULL
) ENGINE=InnoDB DEFAULT CHARSET=utf8mb3 COLLATE=utf8mb3_swedish_ci;

--
-- Dumping data untuk tabel `profile`
--

INSERT INTO `profile` (`id_profile`, `nama_aplikasi`, `logo`, `role`) VALUES
(1, 'MADINA MAJU MADANI', 'uploads/profile_logos/profile_logo_6912e9097473b.png', 'opd'),
(2, 'SISTEM INFORMASI  LAPORAN GABUNGAN WILAYAH KECAMATAN', 'uploads/profile_logos/profile_logo_6912e91793c7a.png', 'camat');

-- --------------------------------------------------------

--
-- Struktur dari tabel `ttd_laporan`
--

CREATE TABLE `ttd_laporan` (
  `id_ttd_laporan` int NOT NULL,
  `pangkat` varchar(100) COLLATE utf8mb3_swedish_ci NOT NULL,
  `nama_penanda_tangan` varchar(100) COLLATE utf8mb3_swedish_ci NOT NULL,
  `jabatan_penanda_tangan` varchar(100) COLLATE utf8mb3_swedish_ci NOT NULL,
  `nip` varchar(50) COLLATE utf8mb3_swedish_ci DEFAULT NULL
) ENGINE=InnoDB DEFAULT CHARSET=utf8mb3 COLLATE=utf8mb3_swedish_ci;

--
-- Dumping data untuk tabel `ttd_laporan`
--

INSERT INTO `ttd_laporan` (`id_ttd_laporan`, `pangkat`, `nama_penanda_tangan`, `jabatan_penanda_tangan`, `nip`) VALUES
(1, 'PENATA TINGKAT.I', 'MUHAMMAD SYAIL LUBIS, ST.M.M', 'Plt. KEPALA DINAS KOMUNIKASI DAN INFORMATIKA', '19790319 200502 1 002');

-- --------------------------------------------------------

--
-- Struktur dari tabel `users`
--

CREATE TABLE `users` (
  `id_user` int NOT NULL,
  `email` varchar(100) COLLATE utf8mb3_swedish_ci NOT NULL,
  `no_telp` varchar(20) COLLATE utf8mb3_swedish_ci DEFAULT NULL,
  `username` varchar(50) COLLATE utf8mb3_swedish_ci NOT NULL,
  `password` varchar(255) COLLATE utf8mb3_swedish_ci NOT NULL,
  `jabatan` varchar(100) COLLATE utf8mb3_swedish_ci DEFAULT NULL,
  `role` enum('admin','opd','camat') COLLATE utf8mb3_swedish_ci NOT NULL DEFAULT 'opd',
  `created_at` timestamp NULL DEFAULT CURRENT_TIMESTAMP,
  `updated_at` timestamp NULL DEFAULT CURRENT_TIMESTAMP ON UPDATE CURRENT_TIMESTAMP,
  `last_login` datetime DEFAULT NULL
) ENGINE=InnoDB DEFAULT CHARSET=utf8mb3 COLLATE=utf8mb3_swedish_ci;

--
-- Dumping data untuk tabel `users`
--

INSERT INTO `users` (`id_user`, `email`, `no_telp`, `username`, `password`, `jabatan`, `role`, `created_at`, `updated_at`, `last_login`) VALUES
(1, 'admin@gmail.com', NULL, 'Aquamenbajubaru2025', '$2y$10$8CK9fywrm0L1nV9fCh/x1OQQGSJw5nvO2JbAXbVMziqFnf6eeEZqK', 'Administrator', 'admin', '2025-10-28 11:33:09', '2026-07-09 08:55:10', '2026-07-09 15:55:10'),
(2, 'camat1@gmail.com', '082165443677', 'camat1', '$2y$10$wnu8WcZf818tbfLiG8wv.uh1VExNx34MReu1T.pbsnfOIXKvonbh.', 'Camat', 'camat', '2025-10-28 14:31:58', '2025-11-03 04:34:43', NULL),
(3, 'opd1@gmail.com', NULL, 'opd1', '$2y$10$JtkzsYif.dp2Wy7xP6QaHu86TIU0wHH.zHwdThO0sOHe1RVd7eADC', 'OPD 1', 'opd', '2025-10-28 18:01:42', '2025-10-28 18:01:42', NULL),
(4, 'camatpakantan@gmail.com', NULL, 'camatpakantan', '$2y$10$MtFBs6HJMhW6Z3Ukn9Y3ZOiq5nkLdszpn.0wPJQBXjDtlOtnQRuOi', 'Camat Pakantan', 'camat', '2025-10-29 03:59:41', '2026-06-19 12:29:09', '2026-06-19 19:29:09'),
(5, 'diskominfo@gmail.com', NULL, 'diskominfo1', '$2y$10$Dj1so4EHU7Lg3GMWy5SgUeDyslV3rpNfSX43a3v5rIukf0jR/rwS6', 'Dinas Komunikasi Dan Informatika', 'opd', '2025-10-29 08:25:31', '2025-10-29 08:25:31', NULL),
(6, 'camatbatahan@gmail.com', '0813377241610', 'camatbatahan', '$2y$10$2d2Kf8bRUEcTNt4QNaFJh.MzZ..LdqvN4ixDkO8Dx1QvrIQJGUAAK', 'CAMAT BATAHAN', 'camat', '2025-11-06 05:13:20', '2026-06-16 13:39:14', '2026-06-16 20:39:14'),
(7, 'camatbatangnatal@gmail.com', '0813377241612', 'camatbatangnatal', '$2y$10$AOfl9wZhwI3DHYs3/2wNceZwL6JE7dQRLUHZjZAgN1Nq2ymFvZ1X2', 'CAMAT BATANG NATAL', 'camat', '2025-11-06 05:33:28', '2025-11-06 05:33:28', NULL),
(8, 'camatbukitmalintang@gmail.com', '0813377241611', 'camatbukitmalintang', '$2y$10$tW2zMmkl/I/8em7nLQkBBOmRRkzyP9RbLXdYQ4NFAlNMYeMkNRtmu', 'CAMAT BUKIT MALINTANG', 'camat', '2025-11-07 08:05:04', '2025-11-07 08:05:04', NULL),
(9, 'camathutabargot@gmail.com', '0813377241613', 'camathutabargot', '$2y$10$a5NVaPPQPI9v9cQ/1.wy2etA7RNFodbwpwbeD2egnafZYLzzAopF.', 'CAMAT HUTA BARGOT', 'camat', '2025-11-07 08:06:57', '2025-11-07 08:06:57', NULL),
(10, 'camatkotanopan@gmail.com', '0813377241614', 'camatkotanopan', '$2y$10$Sz.x4P64Ty24u.yaWC0HKumDiBQQcfXlLftdMymlCPwS8Czkir6RC', 'CAMAT KOTA NOPAN', 'camat', '2025-11-07 08:08:35', '2025-11-07 08:08:35', NULL),
(11, 'camatlembahsorikmarapi@gmail.com', '0813377241615', 'camatlembahsorikmarapi', '$2y$10$.hogLl..IynnvM9hppUBB.9Mawt46/F57GjjTfGSV1m8pWw71cNM.', 'CAMAT LEMBAH SORIK MARAPI', 'camat', '2025-11-07 08:10:33', '2026-06-19 09:30:29', '2026-06-19 16:30:29'),
(12, 'camatlinggabayu@gmail.com', '0813377241616', 'camatlinggabayu', '$2y$10$Yp4qTbMiOyCnfK23QmPoAe5XxvgjqFdjSnvD6BGN2k1mjYfitnj7m', 'CAMAT LINGGA BAYU', 'camat', '2025-11-07 08:12:11', '2025-11-07 08:12:11', NULL),
(13, 'camatmuarabatanggadis@gmail.com', '0813377241617', 'camatmuarabatanggadis', '$2y$10$edsGO4rtbujvzMccnY.TOeRCeFcfJOZNttcDqWp81wl8XW8mKpLFa', 'CAMAT MUARA BATANG GADIS', 'camat', '2025-11-07 08:14:23', '2025-11-07 08:14:23', NULL),
(14, 'camatmuarasipongi@gmail.com', '0813377241618', 'camatmuarasipongi', '$2y$10$6wyE0NkJyPp9JeBqdiGzaOZQ0AmPuKN2Mf4HNqwo1WKdc1RMrXjYu', 'CAMAT MUARA SIPONGI', 'camat', '2025-11-07 08:16:12', '2025-11-07 08:16:12', NULL),
(15, 'camatnagajuang@gmail.com', '0813377241619', 'camatnagajuang', '$2y$10$IhZpyERImTv3ddN5QBdbtObeVHqnHznPqOOlt3y6YyhQrsRGdnery', 'CAMAT NAGA JUANG', 'camat', '2025-11-07 08:18:00', '2025-11-07 08:18:00', NULL),
(16, 'camatnatal@gmail.com', '0813377241620', 'camatnatal', '$2y$10$hkdP/1koZJ2X9OYIgQO3QOLufsKDoCkgSD2l.jEljyOE.W5cm9OGe', 'CAMAT NATAL', 'camat', '2025-11-07 08:19:21', '2025-11-07 08:19:21', NULL),
(17, 'camatpanyabunganbarat@gmail.com', '0813377241621', 'camatpanyabunganbarat', '$2y$10$/WhhdDoc0fCIeLFADfhw6.GbE4ZOaN8Hl8VRl5ly2Sg8nmHxZmL9.', 'CAMAT PANYABUNGAN BARAT', 'camat', '2025-11-07 08:26:37', '2026-06-20 10:58:59', '2026-06-20 17:58:59'),
(18, 'camatpanyabungankota@gmail.com', '0813377241622', 'camatpanyabungankota', '$2y$10$qtRGiY0TmGb28chHlUhubeoqyP5G0PV9j9g6Eel7.zs4gHI7.i/tG', 'CAMAT PANYABUNGAN KOTA', 'camat', '2025-11-07 08:27:55', '2025-11-07 08:27:55', NULL),
(19, 'camatpanyabunganselatan@gmail.com', '0813377241623', 'camatpanyabunganselatan', '$2y$10$uukYMsySGoVSuKg1jRrm1ejn3g5ed6cwLTJcXN7oyzNHMVeYd2dGm', 'CAMAT PANYABUNGAN SELATAN', 'camat', '2025-11-07 08:29:34', '2025-11-07 08:29:34', NULL),
(20, 'camatpanyabungantimur@gmail.com', '0813377241624', 'camatpanyabungantimur', '$2y$10$oJqH0ShTlN/kvLLbwJIkZe6A4qDmmFLRnpC/wEpYlQ1oKeurj6PFi', 'CAMAT PANYABUNGAN TIMUR', 'camat', '2025-11-07 08:31:15', '2025-11-07 08:31:15', NULL),
(21, 'camatpanyabunganutara@gmail.com', '0813377241625', 'camatpanyabunganutara', '$2y$10$eJCeP.a0gYYm.hMZKXWlfupI9W51OF21fzTXOJOMD1FjTrMgM2c7W', 'CAMAT PANYABUNGAN UTARA', 'camat', '2025-11-07 08:32:41', '2025-11-07 08:32:41', NULL),
(22, 'camatpuncaksorikmarapi@gmail.com', '082267966388', 'camatpuncaksorikmarapi', '$2y$10$OVy.WGW8Ea1WH5jwLMNT6OPQyARP3PAycw6k2Cqn6rmkNfnXu6EtC', 'CAMAT PUNCAK SORIK MARAPI', 'camat', '2025-11-07 08:34:25', '2025-11-17 04:28:32', NULL),
(23, 'camatrantobaek@gmail.com', '0813377241627', 'camatrantobaek', '$2y$10$PEcdG2kbjtSLCU8JL.x4wu7Yf4qpjwleL0695QR4QB29HQcirA5Mi', 'CAMAT RANTO BAEK', 'camat', '2025-11-07 08:35:59', '2025-11-07 08:35:59', NULL),
(24, 'camatsiabu@gmail.com', '0813377241628', 'camatsiabu', '$2y$10$FWD4C1l7vrnoyAMwo9yEIuWyLtxa7eNgIQkB1aUF82M6ossPOaUrO', 'CAMAT SIABU', 'camat', '2025-11-07 08:36:58', '2026-06-18 14:40:52', '2026-06-18 21:40:52'),
(25, 'camatsinunukan@gmail.com', '0813377241629', 'camatsinunukan', '$2y$10$OW7f5wTXNXjl1LYI2pe.Ye9B36e/5gDa62Ob8Xtmi5rkGbk3eJ.wG', 'CAMAT SINUNUKAN', 'camat', '2025-11-07 08:38:11', '2025-11-07 08:38:11', NULL),
(26, 'camattambangan@gmail.com', '0813377241630', 'camattambangan', '$2y$10$bziYg3ptXWAt75lFCm9tfe3T7DycApVsfO7big0QXokpQmXSWEHZK', 'CAMAT TAMBANGAN', 'camat', '2025-11-07 08:39:31', '2026-06-19 08:43:23', '2026-06-19 15:43:23'),
(27, 'camatulupungkut@gmail.com', '0813377241631', 'camatulupungkut', '$2y$10$8AkCb/TPOt26bCYy7EYVUOSJVsDzdJ9PN4qovqJLTJQXB8l.jmtUi', 'CAMAT ULU PUNGKUT', 'camat', '2025-11-07 08:41:05', '2026-06-15 04:49:55', NULL),
(28, 'btp@gmail.com', '0813377242011', 'BagianTataPemerintahan', '$2y$10$EqWu7Cyb/lbgzsG5Ji.SsOUvdFN2TiVjq8NpbzmMUIrLN8atYhx5.', 'OPD  BAGIAN TATA PEMERINTAHAN', 'opd', '2025-11-11 03:31:04', '2025-11-11 03:31:04', NULL),
(29, 'bkr@gmail.com', '0813377242013', 'BagianKesejahteraanRakyat', '$2y$10$IjrwtpYyuX3Zxd4yTPem9.8AeDXXZjcwU5hFnXbe1hyX7n1MzL1ty', 'OPD BAGIAN KESEJAHTERAAN RAKYAT', 'opd', '2025-11-11 03:33:19', '2026-06-20 12:03:40', '2026-06-20 19:03:40'),
(30, 'bh@gmail.com', '0813377243018', 'BagianHukum', '$2y$10$tecpA3HrMVcgEjUdIs6S4.wzyqAVCzcFvJ8z.c4UlMhcjIGicZ1si', 'OPD BAGIAN HUKUM', 'opd', '2025-11-11 03:40:46', '2025-11-11 03:40:46', NULL),
(31, 'bpsda@gmail.com', '0813377243008', 'BagianPerekonomiandanSumberDayaAlam', '$2y$10$JXjiU/pH8FYZz0KCL0cDweQ3ybQLF6wCx68r0cI/usoCmNbbxV2Lm', 'OPD BAGIAN PEREKONOMIAN DAN SUMBERDAYA ALAM', 'opd', '2025-11-11 03:44:11', '2025-11-11 03:44:11', NULL),
(32, 'bap@gmail.com', '08133772413773', 'BagianAdministrasiPembangunan', '$2y$10$uMPJ50MuANHiPpnr85WlVu0tPdoguSGp/y84nI9EVyx3EW1ZeRnMe', 'OPD BAGIAN ADMINISTRASI PEMBANGUNAN', 'opd', '2025-11-11 03:49:12', '2025-11-11 03:49:12', NULL),
(33, 'bpbj@gmail.com', '0813377241267', 'BagianPengadaanBarangdanJasa', '$2y$10$A3nHP/k61urhk.hD1K32IuVKpbvW5UGN2DQwfrbh1gv2Zk22IuEWC', 'OPD BAGIAN PENGADAAN BARANG DAN JASA', 'opd', '2025-11-11 03:52:19', '2026-06-19 14:59:38', '2026-06-19 21:59:38'),
(34, 'bu@gmail.com', '0813377245327', 'BagianUmum', '$2y$10$n2gzby0/mD1nOHw8ZQkrVuNZnSdUF6aPi18P12VhmPxDm.AqwoO6O', 'OPD BAGIAN UMUM', 'opd', '2025-11-11 03:54:36', '2025-11-11 03:54:36', NULL),
(35, 'bo@gmail.com', '0813377248934', 'BagianOrganisasi', '$2y$10$AgwHMAHoZZ0yUy6j0HTFue483hZx1dt3w4CTHE7Ud6A1M8Uv3LqlC', 'OPD BAGIAN ORGANISASI', 'opd', '2025-11-11 03:56:57', '2026-06-18 14:17:11', '2026-06-18 21:17:11'),
(36, 'bpkp@gmail.com', '0813377240978', 'BagianProtokoldanKomunikasiPimpinan', '$2y$10$PvGrVP5FvhwhD8A6Cg/NF.zWdkBMR.FRM1P.xj9hvwhlyAPNcWPby', 'OPD BAGIAN PROTOKOL DAN KOMUNIKASI  PIMPINAN', 'opd', '2025-11-11 04:01:22', '2025-11-11 04:01:22', NULL),
(37, 'bpk@gmail.com', '0813377247602', 'BagianPerencanaandanKeuangan', '$2y$10$bHoh.EvwxU.CSmO2Q2GfyOHOmcR8IgZzhHAio4v/zwx4ekAwgxWw2', 'OPD BAGIAN PERENCANAAN DAN KEUANGAN', 'opd', '2025-11-11 04:03:51', '2026-06-19 05:15:08', '2026-06-19 12:15:08'),
(38, 'sekretariatdprd@gmail.com', '0813377241512', 'SekretariatDPRD', '$2y$10$cnLaFiwaYDfSpKO0Hv6greJ.UoAP0TLJh9o3X3K5mu4zVr224v8qC', 'OPD SEKRETARIAT DPRD', 'opd', '2025-11-11 04:07:16', '2026-06-19 07:12:02', '2026-06-19 14:12:02'),
(39, 'inspektoratdaerah@gmail.com', '0813377240715', 'InspektoratDaerah', '$2y$10$pi.x0mq0P3xYtqVVmwuRxOkmgItIOIeSFdPY0pnpl1aZscHgSa0Ee', 'OPD INSPEKTORAT DAERAH', 'opd', '2025-11-11 04:10:35', '2025-11-11 04:10:35', NULL),
(40, 'bpprd@gmail.com', '0813377240311', 'BadanPerencanaanPembangunanRisetdanInovasiDaerah', '$2y$10$p2Fw.mbeZNEt4e46H.EOGuHNvghYRjK.RaojxIBoWuya7MsQCv9TK', 'OPD BADAN PERENCANAAN PEMBANGUNAN RISET DAN INOVASI DAERAH', 'opd', '2025-11-11 04:13:26', '2025-11-11 04:13:26', NULL),
(41, 'bpkad@gmail.com', '0813377242804', 'BadanPengelolaanKeuangandanAsetDaerah', '$2y$10$qGtYg1lxmJ.pE7o6RDgLYeNjybONAhz92z/WrrwYi8ENWXlZSXUDO', 'OPD BADAN PENGELOLAAN KEUANGAN DAN ASET DAERAH', 'opd', '2025-11-11 04:15:46', '2025-11-11 04:15:46', NULL),
(42, 'bapenda@gmail.com', '0813377241658', 'BadanPendapatanDaerah', '$2y$10$aIIli7eg4uKGhbvA1GjMfOA.DpJIejiLWf5NLzjSaniKRVAsQuCKe', 'OPD BADAN PENDAPATAN DAERAH', 'opd', '2025-11-11 04:18:15', '2025-11-11 04:18:15', NULL),
(43, 'bkpsdm@gmail.com', '0813377241130', 'bpkpsdm', '$2y$10$ioXvNGlcVEUF6ozMGMLOouF39280jZS5xCvAE0eF5.NVeMR3LCQMi', 'OPD BADAN KEPEGAWAIAN DAN PENGEMBANGAN SUMBER DAYA MANUSIA', 'opd', '2025-11-11 04:22:19', '2025-11-14 05:16:49', NULL),
(44, 'badankesatuan@gmail.com', '081337724350', 'BadanKesatuanBangsadanPolitik', '$2y$10$8EENLasvKy2O.5ZO3LLsBuicGV1H5CN7NyCxdGY6OqHAFfj1BbHrK', 'OPD KESATUAN BANGSA DAN POLITIK', 'opd', '2025-11-11 04:30:32', '2025-11-11 04:30:32', NULL),
(45, 'penangulanganbencana@gmail.com', '0813377241509', 'BadanPenanggulanganBencanaDaerah', '$2y$10$hyB4MutEBV4y8ST/x/4Qce7Blo130BOE8AkpNXn2TmXNfdBnCOi0.', 'OPD BADAN PENANGULANGAN BENCANA DAERAH', 'opd', '2025-11-11 04:34:18', '2025-11-11 04:34:18', NULL),
(46, 'dinaspendidikan@gmail.com', '0813377241234', 'DinasPendidikandanKebudayaan', '$2y$10$4Q3jlA3fgFzLp0upMrs5JesWt5KFcGlay3tMYmXFwH1IsSQMr3Bjy', 'OPD DINAS PENDIDIKAN DAN KEBUDAYAAN', 'opd', '2025-11-11 04:36:07', '2025-11-11 04:36:07', NULL),
(47, 'dk@gmail.com', '0813377243081', 'DinasKesehatan', '$2y$10$RLearO9rsTSRo5Ipwm7HYe2fKAg8iDs.8CgbwBT1EBmzhHU1Fan3K', 'OPD DINAS KESEHATAN', 'opd', '2025-11-11 04:40:01', '2026-06-19 09:30:10', '2026-06-19 16:30:10'),
(48, 'dpupr@gmail.com', '0813377243034', 'DinasPekerjaanUmumdanPenataanRuang', '$2y$10$qIJBJK6Bc1/SklmZgEPExu55uiNf.wd.4J3/fBPiy0JGr2v/13qOy', 'OPD DINAS PEKERJAAN UMUM DAN PENATAAN RUANG', 'opd', '2025-11-11 04:45:45', '2026-06-19 08:33:01', '2026-06-19 15:33:01'),
(49, 'dprkpsp@gmail.com', '0813377243046', 'DinasPerumahanRakyatdanKawasanPermukiman', '$2y$10$o2PVw73wGETF.k5mxmrcGOFWVql7A9.ZYOHYWGIQyk8fhKcGiZbPO', 'OPD DINAS PERUMAHAN RAKYAT DAN KAWASAN PERMUKIMAN SERTA PERTANAHAN', 'opd', '2025-11-11 04:56:44', '2025-11-11 04:56:44', NULL),
(50, 'sppppk@gmail.com', '0813377243056', 'SatuanPolisiPamongPrajadanPemadamKebakaran', '$2y$10$x9Jg9A5zgnWWFzHw4rYWouuNeg5CB/YLGmGhACAAVexf49lc6o6JC', 'OPD SATUAN POLISI PAMONG PRAJADAN PEMADAM KEBAKARAN', 'opd', '2025-11-11 04:58:38', '2025-11-11 04:58:38', NULL),
(51, 'dspppa@gmail.com', '0813377243086', 'DinasSosialPemberdaanPerempuandanPerlindunganAnak', '$2y$10$bb2/QNyqiRGUf4ol5trHtusdQGDnJCWJYDEwV46jd5E7Yca8gpfk6', 'OPD DINAS SOSIAL PEMBERDAAN PEREMPUAN DAN PERLINDUNGAN ANAK', 'opd', '2025-11-11 05:01:12', '2025-11-11 05:01:12', NULL),
(52, 'dkukm@gmail.com', '0813377243097', 'DinasKoperasiUsahaKecilMenengah', '$2y$10$0YDZjWcACg6aQEKDdSzLquXphPoWIFY7qsWLu/XHyQArJ3EPPc3Lm', 'OPD DINAS KOPERASI USAHA KECIL MENENGAH', 'opd', '2025-11-11 05:03:00', '2025-11-11 05:03:00', NULL),
(53, 'dtk@gmail.com', '0813377243076', 'DinasTenagaKerja', '$2y$10$DdXNbr/gSG3.pKwId4sZh.evRnvS89UZkcZQXOzOXcSXitC/dtmze', 'OPD DINAS TENAGA KERJA', 'opd', '2025-11-11 05:04:09', '2025-11-11 05:04:09', NULL),
(54, 'dppkb@gmail.com', '0813377243065', 'DinasPengendalianPendudukdanKeluargaBerencana', '$2y$10$SZe6ai/aOpF6ltawhjCTF..09VWrsL6srUz2zGJpkHl8UyrJ5ODem', 'OPD DINAS PENGENDALIAN PENDUDUK DAN KELUARGA BERENCANA', 'opd', '2025-11-11 05:14:48', '2025-11-11 05:14:48', NULL),
(55, 'dkpangan@gmail.com', '0813377243098', 'DinasKetahananPangan', '$2y$10$MRVDAGlhrF.4mED5VNZezOmWtaKiWDzsbU6srKZBRLQIqDNH/lYIK', 'OPD DINAS KETAHANAN PANGAN', 'opd', '2025-11-11 05:16:29', '2025-11-11 05:16:29', NULL),
(56, 'dinaspertanian@gmail.com', '0813377243064', 'DinasPertanian', '$2y$10$kHY8sSavUoVdsVjDscBLJez2QXC1aLmjGAxsyDw8UUbmIehc09EJ2', 'OPD DINAS PERTANIAN', 'opd', '2025-11-11 05:19:17', '2025-11-11 05:19:17', NULL),
(57, 'dinaslingkunganhidup@gmail.com', '0813377243074', 'DinasLingkunganHidup', '$2y$10$XwoRyr2lE3XQXoiLk7wuz.kM0ME4l1aGfysYmfq8cAFmYoQW7q7G2', 'OPD DINAS LINGKUNGAN HIDUP', 'opd', '2025-11-11 07:09:41', '2025-11-11 07:09:41', NULL),
(58, 'dkps@gmail.com', '0813377243053', 'DinasKependudukandanPencatatanSipil', '$2y$10$AIlAcOCfzaJYNyKGol24S.4K1kNtWkJueEDXLzUh.KW6gEXOaC8xi', 'OPD DINAS KEPENDUDUKAN SIPIL', 'opd', '2025-11-11 07:10:54', '2025-11-11 07:10:54', NULL),
(59, 'dpmd@gmail.com', '0813377243054', 'DinasPemberdayaanMasyarakatdanDesa', '$2y$10$OHN9RyeTxoMUw1MSA2cT5ujdlUPDGZc6YysuUHfnr2.Ix487KAFaW', 'OPD DINAS PEMBERDAYAAN MASYARAKAT DAN DESA', 'opd', '2025-11-11 07:13:10', '2025-11-11 07:13:10', NULL),
(60, 'dinasperhubungan@gmail.com', '0813377243231', 'DinasPerhubungan', '$2y$10$Y8cOMv4M4mWB3VVXvspx7e99I9/QREAg4Yb858sqpjbbhfqKk5w7q', 'OPD DINAS PERHUBUNGAN', 'opd', '2025-11-11 07:14:26', '2025-11-11 07:14:26', NULL),
(61, 'dpk@gmail.com', '0813377243012', 'DinasPerpustakaandanKearsipan', '$2y$10$J21qurJEHY4E7T.5.IZXY.bE9Aq28/rH.hOejMxVGydhGTOJ7zb26', 'OPD DINAS PERPUSTAKAAN DAN KEARSIPAN', 'opd', '2025-11-11 07:15:59', '2025-11-11 07:15:59', NULL),
(62, 'dki@gmail.com', '0813377243032', 'DinasKomunikasidanInformatika', '$2y$10$I..POy1igwf3ooSx7kdZsOCxDov632IZ9Jn5anUl66wrqBuIXTWyi', 'OPD DINAS KOMUNIKASI DAN INFORMATIKA', 'opd', '2025-11-11 07:18:15', '2025-11-11 07:18:15', NULL),
(63, 'dpmptsp@gmail.com', '0813377243094', 'DinasPenanamanModaldanPelayananTerpaduSatuPintu', '$2y$10$5xKCusdE1mJCuDu/e4YFXuZ8obeKfx1THkbRxMbChsHELsDWDBbUe', 'OPD PENANAMAN MODAL DAN PELAYANAN TERPADU SATU PINTU', 'opd', '2025-11-11 07:19:58', '2025-11-11 07:19:58', NULL),
(64, 'dpo@gmail.com', '0813377243021', 'DinasPemudadanOlahraga', '$2y$10$LcLad408/toPbj.9WwHQGuObUGTji5mtE0nqPv8iaRT2hqAC8iJz2', 'OPD DINAS PEMUDA DAN OLAHRAGA', 'opd', '2025-11-11 07:21:55', '2025-11-11 07:21:55', NULL),
(65, 'dinasperikanan@gmail.com', '0813377243024', 'DinasPerikanan', '$2y$10$9PKzlFDXQ03jV6AfD/BOEeY7jmeS.tyzzd.l7jpyXerzuyiZK6lD2', 'OPD DINAS PERIKANAN', 'opd', '2025-11-11 07:23:35', '2025-11-11 07:23:35', NULL),
(66, 'dinaspariwisata@gmail.com', '0813377243041', 'DinasPariwisata', '$2y$10$hQp93BrCbISlr599q8PPYuGtEwV5xAwLgJuenCyWZrIQxUPqNpdOG', 'OPD DINAS PARIWISATA', 'opd', '2025-11-11 07:25:03', '2026-06-18 13:52:03', '2026-06-18 20:52:03'),
(67, 'dinasperdagangan@gmail.com', '0813377243072', 'DinasPerdagangan', '$2y$10$Bw6ldjG96.p8s9hAAMxeKuJ8GBfRWwBi8B24jzVP3LuQMBRsT5FT.', 'OPD DINAS PERDAGANGAN', 'opd', '2025-11-11 07:37:59', '2025-11-11 07:37:59', NULL),
(68, 'rsudp@gmail.com', '0813377243057', 'RumahSakitUmumDaerahPanyabungan', '$2y$10$4jFwafu5zPxkHPDV7A5OKeVhGSudkjxHIxrghBfKYlakxhY0vxl5K', 'OPD RUMAH SAKIT UMUM DAERAH PANYABUNGAN', 'opd', '2025-11-11 07:39:31', '2025-11-11 07:39:31', NULL),
(69, 'rsudhtn@gmail.com', '0813377243068', 'RumahSakitUmumDaerahHusniThamrinNatal', '$2y$10$f0wMjzRGMo78ir.gR6AAq.CLVR2FoBWDoyXP70.Nnx3qMCzeEcEKi', 'OPD RUMAH SAKIT UMUM DAERAH HUSNI THAMRIN NATAL', 'opd', '2025-11-11 07:41:08', '2026-06-17 02:40:09', '2026-06-17 09:40:09'),
(71, 'wara@gmail.com', '081377241610', 'wara', '$2y$10$VyS1XvEVveHsMG53QEY85OPTUaoTJ9HvqRqKneMg3WnnBhWv5MSbG', 'kadis', 'opd', '2026-06-19 04:53:34', '2026-06-19 04:54:49', '2026-06-19 11:54:49'),
(72, 'tes1@gmail.com', '082165443678', 'iniakuntes', '$2y$10$QZEvvoYyrqr9C1qpfqbdb.Bz4eHDFppYZxNs9iP.fJxzMyzB08Mx2', 'Camat', 'opd', '2026-06-20 06:59:17', '2026-06-20 07:01:31', '2026-06-20 14:01:31');

-- --------------------------------------------------------

--
-- Struktur dari tabel `wagateway`
--

CREATE TABLE `wagateway` (
  `id_wagateway` int NOT NULL,
  `no_tujuan` varchar(20) COLLATE utf8mb3_swedish_ci NOT NULL,
  `pesan` text COLLATE utf8mb3_swedish_ci NOT NULL,
  `tanggal_kirim` datetime NOT NULL,
  `status` enum('pending','sent','failed') COLLATE utf8mb3_swedish_ci DEFAULT 'pending',
  `fonnte_id` varchar(100) COLLATE utf8mb3_swedish_ci DEFAULT NULL,
  `error_message` text COLLATE utf8mb3_swedish_ci,
  `created_by` int DEFAULT NULL,
  `created_at` timestamp NULL DEFAULT CURRENT_TIMESTAMP,
  `updated_at` timestamp NULL DEFAULT CURRENT_TIMESTAMP ON UPDATE CURRENT_TIMESTAMP
) ENGINE=InnoDB DEFAULT CHARSET=utf8mb3 COLLATE=utf8mb3_swedish_ci;

--
-- Indeks untuk tabel yang dibuang
--

--
-- Indeks untuk tabel `desa`
--
ALTER TABLE `desa`
  ADD PRIMARY KEY (`id_desa`),
  ADD KEY `fk_desa_kecamatan` (`id_kecamatan`);

--
-- Indeks untuk tabel `kecamatan`
--
ALTER TABLE `kecamatan`
  ADD PRIMARY KEY (`id_kecamatan`);

--
-- Indeks untuk tabel `laporan_camat`
--
ALTER TABLE `laporan_camat`
  ADD PRIMARY KEY (`id_laporan_camat`),
  ADD KEY `fk_laporan_camat_user` (`id_user`);

--
-- Indeks untuk tabel `laporan_opd`
--
ALTER TABLE `laporan_opd`
  ADD PRIMARY KEY (`id_laporan_opd`),
  ADD KEY `fk_laporan_opd_user` (`id_user`);

--
-- Indeks untuk tabel `opd`
--
ALTER TABLE `opd`
  ADD PRIMARY KEY (`id_opd`);

--
-- Indeks untuk tabel `profile`
--
ALTER TABLE `profile`
  ADD PRIMARY KEY (`id_profile`);

--
-- Indeks untuk tabel `ttd_laporan`
--
ALTER TABLE `ttd_laporan`
  ADD PRIMARY KEY (`id_ttd_laporan`);

--
-- Indeks untuk tabel `users`
--
ALTER TABLE `users`
  ADD PRIMARY KEY (`id_user`),
  ADD UNIQUE KEY `email` (`email`),
  ADD UNIQUE KEY `username` (`username`);

--
-- Indeks untuk tabel `wagateway`
--
ALTER TABLE `wagateway`
  ADD PRIMARY KEY (`id_wagateway`),
  ADD KEY `idx_no_tujuan` (`no_tujuan`),
  ADD KEY `idx_status` (`status`),
  ADD KEY `idx_tanggal_kirim` (`tanggal_kirim`),
  ADD KEY `idx_created_at` (`created_at`),
  ADD KEY `fk_wagateway_created_by` (`created_by`);

--
-- AUTO_INCREMENT untuk tabel yang dibuang
--

--
-- AUTO_INCREMENT untuk tabel `desa`
--
ALTER TABLE `desa`
  MODIFY `id_desa` int NOT NULL AUTO_INCREMENT, AUTO_INCREMENT=435;

--
-- AUTO_INCREMENT untuk tabel `kecamatan`
--
ALTER TABLE `kecamatan`
  MODIFY `id_kecamatan` int NOT NULL AUTO_INCREMENT, AUTO_INCREMENT=43;

--
-- AUTO_INCREMENT untuk tabel `laporan_camat`
--
ALTER TABLE `laporan_camat`
  MODIFY `id_laporan_camat` int NOT NULL AUTO_INCREMENT, AUTO_INCREMENT=20;

--
-- AUTO_INCREMENT untuk tabel `laporan_opd`
--
ALTER TABLE `laporan_opd`
  MODIFY `id_laporan_opd` int NOT NULL AUTO_INCREMENT, AUTO_INCREMENT=15;

--
-- AUTO_INCREMENT untuk tabel `opd`
--
ALTER TABLE `opd`
  MODIFY `id_opd` int NOT NULL AUTO_INCREMENT, AUTO_INCREMENT=36;

--
-- AUTO_INCREMENT untuk tabel `profile`
--
ALTER TABLE `profile`
  MODIFY `id_profile` int NOT NULL AUTO_INCREMENT, AUTO_INCREMENT=3;

--
-- AUTO_INCREMENT untuk tabel `ttd_laporan`
--
ALTER TABLE `ttd_laporan`
  MODIFY `id_ttd_laporan` int NOT NULL AUTO_INCREMENT, AUTO_INCREMENT=2;

--
-- AUTO_INCREMENT untuk tabel `users`
--
ALTER TABLE `users`
  MODIFY `id_user` int NOT NULL AUTO_INCREMENT, AUTO_INCREMENT=73;

--
-- AUTO_INCREMENT untuk tabel `wagateway`
--
ALTER TABLE `wagateway`
  MODIFY `id_wagateway` int NOT NULL AUTO_INCREMENT, AUTO_INCREMENT=14;

--
-- Ketidakleluasaan untuk tabel pelimpahan (Dumped Tables)
--

--
-- Ketidakleluasaan untuk tabel `desa`
--
ALTER TABLE `desa`
  ADD CONSTRAINT `fk_desa_kecamatan` FOREIGN KEY (`id_kecamatan`) REFERENCES `kecamatan` (`id_kecamatan`) ON DELETE CASCADE ON UPDATE CASCADE;

--
-- Ketidakleluasaan untuk tabel `laporan_camat`
--
ALTER TABLE `laporan_camat`
  ADD CONSTRAINT `fk_laporan_camat_user` FOREIGN KEY (`id_user`) REFERENCES `users` (`id_user`) ON DELETE CASCADE ON UPDATE CASCADE;

--
-- Ketidakleluasaan untuk tabel `laporan_opd`
--
ALTER TABLE `laporan_opd`
  ADD CONSTRAINT `fk_laporan_opd_user` FOREIGN KEY (`id_user`) REFERENCES `users` (`id_user`) ON DELETE CASCADE ON UPDATE CASCADE;

--
-- Ketidakleluasaan untuk tabel `wagateway`
--
ALTER TABLE `wagateway`
  ADD CONSTRAINT `fk_wagateway_created_by` FOREIGN KEY (`created_by`) REFERENCES `users` (`id_user`) ON DELETE SET NULL ON UPDATE CASCADE;
COMMIT;

/*!40101 SET CHARACTER_SET_CLIENT=@OLD_CHARACTER_SET_CLIENT */;
/*!40101 SET CHARACTER_SET_RESULTS=@OLD_CHARACTER_SET_RESULTS */;
/*!40101 SET COLLATION_CONNECTION=@OLD_COLLATION_CONNECTION */;
